MaSV,HoTen,Diem
SV01,Nguyen Van S1,8.47
SV02,Tran Thi S2,6.58
SV03,Le Van S3,5.35
SV04,Nguyen Van S4,7.61
SV05,Tran Thi S5,5.6
SV06,Le Van S6,4.59
SV07,Nguyen Van S7,7.76
SV08,Tran Thi S8,8.07
SV09,Le Van S9,4.68
SV10,Nguyen Van S0,4.62
SV11,Tran Thi S1,5.59
SV12,Le Van S2,4.91
SV13,Nguyen Van S3,9.28
SV14,Tran Thi S4,9.6
SV15,Le Van S5,8.94
SV16,Nguyen Van S6,4.06
SV17,Tran Thi S7,4.6
SV18,Le Van S8,5.36
SV19,Nguyen Van S9,5.1
SV20,Tran Thi S0,4.8
SV21,Le Van S1,7.23
SV22,Nguyen Van S2,6.59
SV23,Tran Thi S3,8.08
SV24,Le Van S4,8.39
SV25,Nguyen Van S5,6.39
SV26,Tran Thi S6,8.36
SV27,Le Van S7,9.62
SV28,Nguyen Van S8,7.11
SV29,Tran Thi S9,7.31
SV30,Le Van S0,7.68
SV31,Nguyen Van S1,8.43
SV32,Tran Thi S2,5.35
SV33,Le Van S3,5.6
SV34,Nguyen Van S4,4.1
SV35,Tran Thi S5,9.33
SV36,Le Van S6,6.66
SV37,Nguyen Van S7,4.58
SV38,Tran Thi S8,6.66
SV39,Le Van S9,4.81
SV40,Nguyen Van S0,7.16
SV41,Tran Thi S1,5.74
SV42,Le Van S2,7.31
SV43,Nguyen Van S3,9.64
SV44,Tran Thi S4,6.58
SV45,Le Van S5,5.65
SV46,Nguyen Van S6,7.44
SV47,Tran Thi S7,4.64
SV48,Le Van S8,4.24
SV49,Nguyen Van S9,5.19
SV50,Tran Thi S0,6.35
SV51,Le Van S1,9.45
SV52,Nguyen Van S2,6.32
SV53,Tran Thi S3,5.72
SV54,Le Van S4,7.26
SV55,Nguyen Van S5,4.45
SV56,Tran Thi S6,5.49
SV57,Le Van S7,4.55
SV58,Nguyen Van S8,6.07
SV59,Tran Thi S9,6.04
SV60,Le Van S0,7.79
SV61,Nguyen Van S1,7.61
SV62,Tran Thi S2,5.03
SV63,Le Van S3,8.93
SV64,Nguyen Van S4,8.7
SV65,Tran Thi S5,9.84
SV66,Le Van S6,9.08
SV67,Nguyen Van S7,9.98
SV68,Tran Thi S8,4.35
SV69,Le Van S9,4.17
SV70,Nguyen Van S0,7.65
SV71,Tran Thi S1,4.49
SV72,Le Van S2,4.24
SV73,Nguyen Van S3,9.31
SV74,Tran Thi S4,9.27
SV75,Le Van S5,7.88
SV76,Nguyen Van S6,7.49
SV77,Tran Thi S7,5.73
SV78,Le Van S8,5.95
SV79,Nguyen Van S9,7.23
SV80,Tran Thi S0,4.66
SV81,Le Van S1,7.81
SV82,Nguyen Van S2,8.52
SV83,Tran Thi S3,4.39
SV84,Le Van S4,6.38
SV85,Nguyen Van S5,6.35
SV86,Tran Thi S6,5.76
SV87,Le Van S7,4.71
SV88,Nguyen Van S8,7.9
SV89,Tran Thi S9,8.84
SV90,Le Van S0,6.09
SV91,Nguyen Van S1,7.16
SV92,Tran Thi S2,4.56
SV93,Le Van S3,7.03
SV94,Nguyen Van S4,9
SV95,Tran Thi S5,7.63
SV96,Le Van S6,6.52
SV97,Nguyen Van S7,5.94
SV98,Tran Thi S8,8.27
SV99,Le Van S9,5.34
SV100,Nguyen Van S0,7.09
SV101,Tran Thi S1,5.04
SV102,Le Van S2,8.24
SV103,Nguyen Van S3,7.22
SV104,Tran Thi S4,8.46
SV105,Le Van S5,9.14
SV106,Nguyen Van S6,9.11
SV107,Tran Thi S7,9.5
SV108,Le Van S8,8.62
SV109,Nguyen Van S9,8.14
SV110,Tran Thi S0,9.42
SV111,Le Van S1,9.54
SV112,Nguyen Van S2,7.09
SV113,Tran Thi S3,6.86
SV114,Le Van S4,9.32
SV115,Nguyen Van S5,8.41
SV116,Tran Thi S6,9.6
SV117,Le Van S7,7.44
SV118,Nguyen Van S8,5.99
SV119,Tran Thi S9,6.2
SV120,Le Van S0,7.98
SV121,Nguyen Van S1,8.08
SV122,Tran Thi S2,7.38
SV123,Le Van S3,9.54
SV124,Nguyen Van S4,8.4
SV125,Tran Thi S5,5.92
SV126,Le Van S6,4.38
SV127,Nguyen Van S7,7.81
SV128,Tran Thi S8,9.08
SV129,Le Van S9,9.65
SV130,Nguyen Van S0,5.28
SV131,Tran Thi S1,7.62
SV132,Le Van S2,4.28
SV133,Nguyen Van S3,6.04
SV134,Tran Thi S4,6.87
SV135,Le Van S5,4.36
SV136,Nguyen Van S6,5.33
SV137,Tran Thi S7,4.3
SV138,Le Van S8,6.44
SV139,Nguyen Van S9,9.16
SV140,Tran Thi S0,5.22
SV141,Le Van S1,8.54
SV142,Nguyen Van S2,5.89
SV143,Tran Thi S3,9.4
SV144,Le Van S4,7.15
SV145,Nguyen Van S5,8.49
SV146,Tran Thi S6,4.92
SV147,Le Van S7,8.04
SV148,Nguyen Van S8,4.38
SV149,Tran Thi S9,9.72
SV150,Le Van S0,8.05
SV151,Nguyen Van S1,8.36
SV152,Tran Thi S2,9.49
SV153,Le Van S3,6.86
SV154,Nguyen Van S4,9.89
SV155,Tran Thi S5,6.4
SV156,Le Van S6,5.01
SV157,Nguyen Van S7,4.99
SV158,Tran Thi S8,5.68
SV159,Le Van S9,9.34
SV160,Nguyen Van S0,8.95
SV161,Tran Thi S1,4.75
SV162,Le Van S2,5.88
SV163,Nguyen Van S3,4.14
SV164,Tran Thi S4,5.36
SV165,Le Van S5,6.81
SV166,Nguyen Van S6,5.71
SV167,Tran Thi S7,8.55
SV168,Le Van S8,5.13
SV169,Nguyen Van S9,6.68
SV170,Tran Thi S0,4.27
SV171,Le Van S1,7.75
SV172,Nguyen Van S2,4.47
SV173,Tran Thi S3,4.14
SV174,Le Van S4,9.78
SV175,Nguyen Van S5,8.68
SV176,Tran Thi S6,6.25
SV177,Le Van S7,5.55
SV178,Nguyen Van S8,4.32
SV179,Tran Thi S9,6.72
SV180,Le Van S0,9.58
SV181,Nguyen Van S1,6.53
SV182,Tran Thi S2,8.92
SV183,Le Van S3,6.28
SV184,Nguyen Van S4,7.49
SV185,Tran Thi S5,5.22
SV186,Le Van S6,5.7
SV187,Nguyen Van S7,5.92
SV188,Tran Thi S8,6.78
SV189,Le Van S9,7.72
SV190,Nguyen Van S0,8.52
SV191,Tran Thi S1,7.74
SV192,Le Van S2,7.94
SV193,Nguyen Van S3,4.6
SV194,Tran Thi S4,5.82
SV195,Le Van S5,4.78
SV196,Nguyen Van S6,8.99
SV197,Tran Thi S7,8.15
SV198,Le Van S8,4.16
SV199,Nguyen Van S9,9.26
SV200,Tran Thi S0,4.25
SV201,Le Van S1,7.32
SV202,Nguyen Van S2,4.95
SV203,Tran Thi S3,5.37
SV204,Le Van S4,7.91
SV205,Nguyen Van S5,8.28
SV206,Tran Thi S6,4.59
SV207,Le Van S7,4.9
SV208,Nguyen Van S8,9.76
SV209,Tran Thi S9,5.55
SV210,Le Van S0,8.08
SV211,Nguyen Van S1,4.22
SV212,Tran Thi S2,9.44
SV213,Le Van S3,9.21
SV214,Nguyen Van S4,9.81
SV215,Tran Thi S5,5.02
SV216,Le Van S6,5.17
SV217,Nguyen Van S7,4.62
SV218,Tran Thi S8,4.98
SV219,Le Van S9,5.41
SV220,Nguyen Van S0,4.86
SV221,Tran Thi S1,5.63
SV222,Le Van S2,5.38
SV223,Nguyen Van S3,7.2
SV224,Tran Thi S4,5.32
SV225,Le Van S5,8.06
SV226,Nguyen Van S6,8.47
SV227,Tran Thi S7,5.77
SV228,Le Van S8,7.07
SV229,Nguyen Van S9,5.13
SV230,Tran Thi S0,8.54
SV231,Le Van S1,7.88
SV232,Nguyen Van S2,9.75
SV233,Tran Thi S3,9.27
SV234,Le Van S4,8.51
SV235,Nguyen Van S5,6.11
SV236,Tran Thi S6,7.47
SV237,Le Van S7,4.42
SV238,Nguyen Van S8,8.48
SV239,Tran Thi S9,5.77
SV240,Le Van S0,7.31
SV241,Nguyen Van S1,7
SV242,Tran Thi S2,6.97
SV243,Le Van S3,4.34
SV244,Nguyen Van S4,5.86
SV245,Tran Thi S5,5.76
SV246,Le Van S6,8.86
SV247,Nguyen Van S7,4.19
SV248,Tran Thi S8,4.98
SV249,Le Van S9,9.49
SV250,Nguyen Van S0,8.8
SV251,Tran Thi S1,5.97
SV252,Le Van S2,7.15
SV253,Nguyen Van S3,7.23
SV254,Tran Thi S4,9.52
SV255,Le Van S5,6.28
SV256,Nguyen Van S6,9.18
SV257,Tran Thi S7,5.84
SV258,Le Van S8,6.56
SV259,Nguyen Van S9,4.26
SV260,Tran Thi S0,7.01
SV261,Le Van S1,5.05
SV262,Nguyen Van S2,4.35
SV263,Tran Thi S3,8.17
SV264,Le Van S4,8.16
SV265,Nguyen Van S5,4.12
SV266,Tran Thi S6,7.89
SV267,Le Van S7,7.06
SV268,Nguyen Van S8,7.92
SV269,Tran Thi S9,7.94
SV270,Le Van S0,5.52
SV271,Nguyen Van S1,8.45
SV272,Tran Thi S2,6.89
SV273,Le Van S3,6.05
SV274,Nguyen Van S4,4.8
SV275,Tran Thi S5,4.87
SV276,Le Van S6,5.91
SV277,Nguyen Van S7,8.45
SV278,Tran Thi S8,6.39
SV279,Le Van S9,9.69
SV280,Nguyen Van S0,8.29
SV281,Tran Thi S1,5.11
SV282,Le Van S2,6.83
SV283,Nguyen Van S3,6.16
SV284,Tran Thi S4,5.83
SV285,Le Van S5,9.17
SV286,Nguyen Van S6,4.03
SV287,Tran Thi S7,8.98
SV288,Le Van S8,6.98
SV289,Nguyen Van S9,9.85
SV290,Tran Thi S0,6.46
SV291,Le Van S1,9.56
SV292,Nguyen Van S2,4.35
SV293,Tran Thi S3,5.15
SV294,Le Van S4,6.73
SV295,Nguyen Van S5,5.77
SV296,Tran Thi S6,7.66
SV297,Le Van S7,5.26
SV298,Nguyen Van S8,8.94
SV299,Tran Thi S9,6.56
SV300,Le Van S0,7.57
SV301,Nguyen Van S1,4.03
SV302,Tran Thi S2,7.37
SV303,Le Van S3,5.79
SV304,Nguyen Van S4,7.94
SV305,Tran Thi S5,8.6
SV306,Le Van S6,5.27
SV307,Nguyen Van S7,5.9
SV308,Tran Thi S8,6.93
SV309,Le Van S9,6.77
SV310,Nguyen Van S0,5.79
SV311,Tran Thi S1,6.61
SV312,Le Van S2,7.73
SV313,Nguyen Van S3,7.44
SV314,Tran Thi S4,6.62
SV315,Le Van S5,9.84
SV316,Nguyen Van S6,7.01
SV317,Tran Thi S7,5.03
SV318,Le Van S8,4.1
SV319,Nguyen Van S9,8.35
SV320,Tran Thi S0,7.77
SV321,Le Van S1,6.24
SV322,Nguyen Van S2,5.49
SV323,Tran Thi S3,5.28
SV324,Le Van S4,7.07
SV325,Nguyen Van S5,4.46
SV326,Tran Thi S6,7.77
SV327,Le Van S7,7.92
SV328,Nguyen Van S8,9.63
SV329,Tran Thi S9,5.67
SV330,Le Van S0,6.12
SV331,Nguyen Van S1,9.02
SV332,Tran Thi S2,5.54
SV333,Le Van S3,7.95
SV334,Nguyen Van S4,9.54
SV335,Tran Thi S5,5.96
SV336,Le Van S6,7.8
SV337,Nguyen Van S7,5.33
SV338,Tran Thi S8,6.2
SV339,Le Van S9,4.23
SV340,Nguyen Van S0,7.67
SV341,Tran Thi S1,8.43
SV342,Le Van S2,4.65
SV343,Nguyen Van S3,5.68
SV344,Tran Thi S4,5.23
SV345,Le Van S5,9.3
SV346,Nguyen Van S6,8.23
SV347,Tran Thi S7,7.38
SV348,Le Van S8,6.11
SV349,Nguyen Van S9,9.7
SV350,Tran Thi S0,9.41
SV351,Le Van S1,6.49
SV352,Nguyen Van S2,4.51
SV353,Tran Thi S3,8.51
SV354,Le Van S4,4.32
SV355,Nguyen Van S5,6.84
SV356,Tran Thi S6,5.6
SV357,Le Van S7,7.45
SV358,Nguyen Van S8,4.94
SV359,Tran Thi S9,6.64
SV360,Le Van S0,4.81
SV361,Nguyen Van S1,9.09
SV362,Tran Thi S2,6.87
SV363,Le Van S3,9.7
SV364,Nguyen Van S4,9.5
SV365,Tran Thi S5,8.33
SV366,Le Van S6,6.6
SV367,Nguyen Van S7,9.64
SV368,Tran Thi S8,5.58
SV369,Le Van S9,9.93
SV370,Nguyen Van S0,4.72
SV371,Tran Thi S1,4.4
SV372,Le Van S2,8.02
SV373,Nguyen Van S3,4.61
SV374,Tran Thi S4,7.64
SV375,Le Van S5,9.84
SV376,Nguyen Van S6,4.65
SV377,Tran Thi S7,9.04
SV378,Le Van S8,5.29
SV379,Nguyen Van S9,5.14
SV380,Tran Thi S0,7.97
SV381,Le Van S1,9.88
SV382,Nguyen Van S2,5.07
SV383,Tran Thi S3,4.24
SV384,Le Van S4,4.13
SV385,Nguyen Van S5,9.42
SV386,Tran Thi S6,8.16
SV387,Le Van S7,8.86
SV388,Nguyen Van S8,8.95
SV389,Tran Thi S9,9.73
SV390,Le Van S0,6.33
SV391,Nguyen Van S1,7.04
SV392,Tran Thi S2,7.15
SV393,Le Van S3,4.05
SV394,Nguyen Van S4,4.36
SV395,Tran Thi S5,5.59
SV396,Le Van S6,8.58
SV397,Nguyen Van S7,8.09
SV398,Tran Thi S8,6.84
SV399,Le Van S9,9.97
SV400,Nguyen Van S0,6.67
SV401,Tran Thi S1,4.3
SV402,Le Van S2,5.89
SV403,Nguyen Van S3,9.85
SV404,Tran Thi S4,8.22
SV405,Le Van S5,5.71
SV406,Nguyen Van S6,9.53
SV407,Tran Thi S7,7.67
SV408,Le Van S8,9.18
SV409,Nguyen Van S9,8.18
SV410,Tran Thi S0,9.63
SV411,Le Van S1,5.99
SV412,Nguyen Van S2,8.24
SV413,Tran Thi S3,6.78
SV414,Le Van S4,4.93
SV415,Nguyen Van S5,6.05
SV416,Tran Thi S6,4.72
SV417,Le Van S7,6.46
SV418,Nguyen Van S8,9.01
SV419,Tran Thi S9,4.55
SV420,Le Van S0,4.81
SV421,Nguyen Van S1,4.55
SV422,Tran Thi S2,5.69
SV423,Le Van S3,5.94
SV424,Nguyen Van S4,7.49
SV425,Tran Thi S5,7.72
SV426,Le Van S6,6.15
SV427,Nguyen Van S7,7.78
SV428,Tran Thi S8,7.41
SV429,Le Van S9,4.83
SV430,Nguyen Van S0,4.24
SV431,Tran Thi S1,9.32
SV432,Le Van S2,4.8
SV433,Nguyen Van S3,8.13
SV434,Tran Thi S4,6.97
SV435,Le Van S5,6.63
SV436,Nguyen Van S6,9.21
SV437,Tran Thi S7,7.6
SV438,Le Van S8,9.83
SV439,Nguyen Van S9,7.86
SV440,Tran Thi S0,4.21
SV441,Le Van S1,4.88
SV442,Nguyen Van S2,6.47
SV443,Tran Thi S3,8.85
SV444,Le Van S4,7.38
SV445,Nguyen Van S5,7.51
SV446,Tran Thi S6,6.16
SV447,Le Van S7,6.4
SV448,Nguyen Van S8,9.75
SV449,Tran Thi S9,7.59
SV450,Le Van S0,4.07
SV451,Nguyen Van S1,8.54
SV452,Tran Thi S2,4.79
SV453,Le Van S3,9.53
SV454,Nguyen Van S4,8.47
SV455,Tran Thi S5,6.47
SV456,Le Van S6,8.47
SV457,Nguyen Van S7,9.87
SV458,Tran Thi S8,8.54
SV459,Le Van S9,4.84
SV460,Nguyen Van S0,5.34
SV461,Tran Thi S1,9.26
SV462,Le Van S2,6.06
SV463,Nguyen Van S3,7.08
SV464,Tran Thi S4,4.61
SV465,Le Van S5,6.62
SV466,Nguyen Van S6,6.78
SV467,Tran Thi S7,5.27
SV468,Le Van S8,6.81
SV469,Nguyen Van S9,9.93
SV470,Tran Thi S0,7.44
SV471,Le Van S1,8.35
SV472,Nguyen Van S2,7.61
SV473,Tran Thi S3,6.54
SV474,Le Van S4,6.27
SV475,Nguyen Van S5,5.18
SV476,Tran Thi S6,4.96
SV477,Le Van S7,4.75
SV478,Nguyen Van S8,4.78
SV479,Tran Thi S9,9.3
SV480,Le Van S0,5.41
SV481,Nguyen Van S1,7.26
SV482,Tran Thi S2,4.08
SV483,Le Van S3,8.89
SV484,Nguyen Van S4,7.5
SV485,Tran Thi S5,5.15
SV486,Le Van S6,4.16
SV487,Nguyen Van S7,9.87
SV488,Tran Thi S8,4.16
SV489,Le Van S9,5.87
SV490,Nguyen Van S0,9.86
SV491,Tran Thi S1,8.6
SV492,Le Van S2,8.75
SV493,Nguyen Van S3,7.9
SV494,Tran Thi S4,4.73
SV495,Le Van S5,7.55
SV496,Nguyen Van S6,8.48
SV497,Tran Thi S7,7.38
SV498,Le Van S8,4.6
SV499,Nguyen Van S9,9.29
SV500,Tran Thi S0,5.2
SV501,Le Van S1,7.23
SV502,Nguyen Van S2,9.62
SV503,Tran Thi S3,6.96
SV504,Le Van S4,6.81
SV505,Nguyen Van S5,5.6
SV506,Tran Thi S6,6.96
SV507,Le Van S7,7.65
SV508,Nguyen Van S8,8.39
SV509,Tran Thi S9,5.16
SV510,Le Van S0,4.64
SV511,Nguyen Van S1,9.52
SV512,Tran Thi S2,5.31
SV513,Le Van S3,6.46
SV514,Nguyen Van S4,8.83
SV515,Tran Thi S5,9.7
SV516,Le Van S6,9.21
SV517,Nguyen Van S7,6.06
SV518,Tran Thi S8,7.6
SV519,Le Van S9,9.02
SV520,Nguyen Van S0,5.56
SV521,Tran Thi S1,4.41
SV522,Le Van S2,9.33
SV523,Nguyen Van S3,8.14
SV524,Tran Thi S4,6.63
SV525,Le Van S5,4.31
SV526,Nguyen Van S6,5.82
SV527,Tran Thi S7,8.31
SV528,Le Van S8,4.46
SV529,Nguyen Van S9,5.33
SV530,Tran Thi S0,9.1
SV531,Le Van S1,6.18
SV532,Nguyen Van S2,6.08
SV533,Tran Thi S3,8.51
SV534,Le Van S4,5.15
SV535,Nguyen Van S5,9.38
SV536,Tran Thi S6,6.88
SV537,Le Van S7,4.99
SV538,Nguyen Van S8,7.5
SV539,Tran Thi S9,4.68
SV540,Le Van S0,6.31
SV541,Nguyen Van S1,7.9
SV542,Tran Thi S2,9.34
SV543,Le Van S3,8.69
SV544,Nguyen Van S4,7.46
SV545,Tran Thi S5,6.47
SV546,Le Van S6,9.92
SV547,Nguyen Van S7,4.66
SV548,Tran Thi S8,5.63
SV549,Le Van S9,4.77
SV550,Nguyen Van S0,8.7
SV551,Tran Thi S1,4.63
SV552,Le Van S2,8.45
SV553,Nguyen Van S3,4.23
SV554,Tran Thi S4,4.56
SV555,Le Van S5,5.91
SV556,Nguyen Van S6,5.69
SV557,Tran Thi S7,7.97
SV558,Le Van S8,4.61
SV559,Nguyen Van S9,8.81
SV560,Tran Thi S0,5.53
SV561,Le Van S1,5.21
SV562,Nguyen Van S2,5.01
SV563,Tran Thi S3,8.08
SV564,Le Van S4,6.62
SV565,Nguyen Van S5,9.43
SV566,Tran Thi S6,5.87
SV567,Le Van S7,8.01
SV568,Nguyen Van S8,8.18
SV569,Tran Thi S9,6.91
SV570,Le Van S0,5.45
SV571,Nguyen Van S1,6.31
SV572,Tran Thi S2,5.57
SV573,Le Van S3,8.69
SV574,Nguyen Van S4,5.95
SV575,Tran Thi S5,7.43
SV576,Le Van S6,4.74
SV577,Nguyen Van S7,7.42
SV578,Tran Thi S8,6.2
SV579,Le Van S9,6.17
SV580,Nguyen Van S0,8.23
SV581,Tran Thi S1,5.13
SV582,Le Van S2,8.03
SV583,Nguyen Van S3,8.77
SV584,Tran Thi S4,7.19
SV585,Le Van S5,5.52
SV586,Nguyen Van S6,9.75
SV587,Tran Thi S7,5.29
SV588,Le Van S8,7.89
SV589,Nguyen Van S9,7.2
SV590,Tran Thi S0,6.95
SV591,Le Van S1,6.41
SV592,Nguyen Van S2,9.9
SV593,Tran Thi S3,7
SV594,Le Van S4,8.97
SV595,Nguyen Van S5,9.15
SV596,Tran Thi S6,4.05
SV597,Le Van S7,8.4
SV598,Nguyen Van S8,7.11
SV599,Tran Thi S9,6.85
SV600,Le Van S0,7.36
SV601,Nguyen Van S1,9.67
SV602,Tran Thi S2,7.98
SV603,Le Van S3,4.41
SV604,Nguyen Van S4,9.9
SV605,Tran Thi S5,9.81
SV606,Le Van S6,5.59
SV607,Nguyen Van S7,9.76
SV608,Tran Thi S8,6.68
SV609,Le Van S9,9.65
SV610,Nguyen Van S0,9.94
SV611,Tran Thi S1,8.98
SV612,Le Van S2,5.15
SV613,Nguyen Van S3,8.56
SV614,Tran Thi S4,7.85
SV615,Le Van S5,8.17
SV616,Nguyen Van S6,5.29
SV617,Tran Thi S7,5.79
SV618,Le Van S8,6.23
SV619,Nguyen Van S9,5.1
SV620,Tran Thi S0,6.61
SV621,Le Van S1,4.4
SV622,Nguyen Van S2,5.39
SV623,Tran Thi S3,9.43
SV624,Le Van S4,8.75
SV625,Nguyen Van S5,5.32
SV626,Tran Thi S6,7.96
SV627,Le Van S7,9.08
SV628,Nguyen Van S8,4.75
SV629,Tran Thi S9,8.95
SV630,Le Van S0,7.54
SV631,Nguyen Van S1,7.89
SV632,Tran Thi S2,9.41
SV633,Le Van S3,4.77
SV634,Nguyen Van S4,4.84
SV635,Tran Thi S5,4.1
SV636,Le Van S6,9.21
SV637,Nguyen Van S7,8.21
SV638,Tran Thi S8,9.23
SV639,Le Van S9,7.14
SV640,Nguyen Van S0,5.11
SV641,Tran Thi S1,7.16
SV642,Le Van S2,9.11
SV643,Nguyen Van S3,5.91
SV644,Tran Thi S4,7.15
SV645,Le Van S5,7.75
SV646,Nguyen Van S6,4.15
SV647,Tran Thi S7,6.93
SV648,Le Van S8,4.02
SV649,Nguyen Van S9,9.78
SV650,Tran Thi S0,7.47
SV651,Le Van S1,5.36
SV652,Nguyen Van S2,9.82
SV653,Tran Thi S3,8.63
SV654,Le Van S4,9.75
SV655,Nguyen Van S5,5.36
SV656,Tran Thi S6,9.59
SV657,Le Van S7,8.85
SV658,Nguyen Van S8,5.51
SV659,Tran Thi S9,5.37
SV660,Le Van S0,6.38
SV661,Nguyen Van S1,8.55
SV662,Tran Thi S2,7.44
SV663,Le Van S3,4.34
SV664,Nguyen Van S4,7.04
SV665,Tran Thi S5,8.52
SV666,Le Van S6,8.21
SV667,Nguyen Van S7,5.07
SV668,Tran Thi S8,5.36
SV669,Le Van S9,5.87
SV670,Nguyen Van S0,8.01
SV671,Tran Thi S1,7.91
SV672,Le Van S2,5.58
SV673,Nguyen Van S3,4.96
SV674,Tran Thi S4,4.91
SV675,Le Van S5,7.11
SV676,Nguyen Van S6,6.92
SV677,Tran Thi S7,4.89
SV678,Le Van S8,6.21
SV679,Nguyen Van S9,9.87
SV680,Tran Thi S0,9.17
SV681,Le Van S1,7.25
SV682,Nguyen Van S2,8.29
SV683,Tran Thi S3,4.96
SV684,Le Van S4,5.17
SV685,Nguyen Van S5,6.35
SV686,Tran Thi S6,6.9
SV687,Le Van S7,9.44
SV688,Nguyen Van S8,6.2
SV689,Tran Thi S9,5.41
SV690,Le Van S0,5.63
SV691,Nguyen Van S1,6.3
SV692,Tran Thi S2,5.1
SV693,Le Van S3,9.62
SV694,Nguyen Van S4,9.56
SV695,Tran Thi S5,7.38
SV696,Le Van S6,4.09
SV697,Nguyen Van S7,8.19
SV698,Tran Thi S8,7.5
SV699,Le Van S9,8.73
SV700,Nguyen Van S0,9.65
SV701,Tran Thi S1,5.92
SV702,Le Van S2,7.08
SV703,Nguyen Van S3,4.04
SV704,Tran Thi S4,8.47
SV705,Le Van S5,5.19
SV706,Nguyen Van S6,5.96
SV707,Tran Thi S7,5.84
SV708,Le Van S8,7.85
SV709,Nguyen Van S9,9.2
SV710,Tran Thi S0,4.65
SV711,Le Van S1,8.07
SV712,Nguyen Van S2,6.1
SV713,Tran Thi S3,7.33
SV714,Le Van S4,5
SV715,Nguyen Van S5,9.9
SV716,Tran Thi S6,8.21
SV717,Le Van S7,4.19
SV718,Nguyen Van S8,6.32
SV719,Tran Thi S9,9.51
SV720,Le Van S0,8.69
SV721,Nguyen Van S1,8.32
SV722,Tran Thi S2,7.97
SV723,Le Van S3,6.37
SV724,Nguyen Van S4,4.56
SV725,Tran Thi S5,4.88
SV726,Le Van S6,9.74
SV727,Nguyen Van S7,5.05
SV728,Tran Thi S8,9.43
SV729,Le Van S9,8.65
SV730,Nguyen Van S0,7.42
SV731,Tran Thi S1,6.34
SV732,Le Van S2,5.52
SV733,Nguyen Van S3,5.79
SV734,Tran Thi S4,6.98
SV735,Le Van S5,6.68
SV736,Nguyen Van S6,7.73
SV737,Tran Thi S7,6.82
SV738,Le Van S8,9.12
SV739,Nguyen Van S9,6.39
SV740,Tran Thi S0,6.26
SV741,Le Van S1,6.09
SV742,Nguyen Van S2,8.23
SV743,Tran Thi S3,8.4
SV744,Le Van S4,7.13
SV745,Nguyen Van S5,9.77
SV746,Tran Thi S6,7.99
SV747,Le Van S7,5.27
SV748,Nguyen Van S8,5.29
SV749,Tran Thi S9,7.56
SV750,Le Van S0,8.11
SV751,Nguyen Van S1,7.78
SV752,Tran Thi S2,9.97
SV753,Le Van S3,7.16
SV754,Nguyen Van S4,9.27
SV755,Tran Thi S5,4.91
SV756,Le Van S6,4.3
SV757,Nguyen Van S7,5.2
SV758,Tran Thi S8,7.17
SV759,Le Van S9,9.57
SV760,Nguyen Van S0,5.7
SV761,Tran Thi S1,7.18
SV762,Le Van S2,5.23
SV763,Nguyen Van S3,4.62
SV764,Tran Thi S4,7.18
SV765,Le Van S5,7.97
SV766,Nguyen Van S6,5.28
SV767,Tran Thi S7,8.92
SV768,Le Van S8,6.19
SV769,Nguyen Van S9,9.1
SV770,Tran Thi S0,8.83
SV771,Le Van S1,9.86
SV772,Nguyen Van S2,9.1
SV773,Tran Thi S3,6.14
SV774,Le Van S4,6.48
SV775,Nguyen Van S5,4.5
SV776,Tran Thi S6,5.55
SV777,Le Van S7,7.23
SV778,Nguyen Van S8,8.58
SV779,Tran Thi S9,5.77
SV780,Le Van S0,8.72
SV781,Nguyen Van S1,7.32
SV782,Tran Thi S2,5.47
SV783,Le Van S3,9.11
SV784,Nguyen Van S4,7.58
SV785,Tran Thi S5,5.58
SV786,Le Van S6,7.25
SV787,Nguyen Van S7,8.94
SV788,Tran Thi S8,7.92
SV789,Le Van S9,8.75
SV790,Nguyen Van S0,8.1
SV791,Tran Thi S1,9.35
SV792,Le Van S2,6.87
SV793,Nguyen Van S3,8.93
SV794,Tran Thi S4,4.84
SV795,Le Van S5,5.54
SV796,Nguyen Van S6,9.93
SV797,Tran Thi S7,5.25
SV798,Le Van S8,8.16
SV799,Nguyen Van S9,5.01
SV800,Tran Thi S0,4.85
SV801,Le Van S1,5.32
SV802,Nguyen Van S2,9.68
SV803,Tran Thi S3,9.09
SV804,Le Van S4,8.82
SV805,Nguyen Van S5,4.71
SV806,Tran Thi S6,6.24
SV807,Le Van S7,5.16
SV808,Nguyen Van S8,9.31
SV809,Tran Thi S9,8.54
SV810,Le Van S0,6.12
SV811,Nguyen Van S1,7.49
SV812,Tran Thi S2,4.83
SV813,Le Van S3,7.13
SV814,Nguyen Van S4,5.8
SV815,Tran Thi S5,7.06
SV816,Le Van S6,5.46
SV817,Nguyen Van S7,4.65
SV818,Tran Thi S8,8.56
SV819,Le Van S9,9.61
SV820,Nguyen Van S0,4.65
SV821,Tran Thi S1,8.16
SV822,Le Van S2,4.06
SV823,Nguyen Van S3,6.04
SV824,Tran Thi S4,9.66
SV825,Le Van S5,6.81
SV826,Nguyen Van S6,4.51
SV827,Tran Thi S7,5.2
SV828,Le Van S8,5.75
SV829,Nguyen Van S9,5.65
SV830,Tran Thi S0,7.57
SV831,Le Van S1,7.8
SV832,Nguyen Van S2,9.25
SV833,Tran Thi S3,7.88
SV834,Le Van S4,4.52
SV835,Nguyen Van S5,4.37
SV836,Tran Thi S6,5.63
SV837,Le Van S7,7.04
SV838,Nguyen Van S8,9.78
SV839,Tran Thi S9,7.51
SV840,Le Van S0,7.85
SV841,Nguyen Van S1,8.11
SV842,Tran Thi S2,6.89
SV843,Le Van S3,8.6
SV844,Nguyen Van S4,9.68
SV845,Tran Thi S5,7.67
SV846,Le Van S6,4.02
SV847,Nguyen Van S7,7.78
SV848,Tran Thi S8,5.54
SV849,Le Van S9,5.58
SV850,Nguyen Van S0,4.33
SV851,Tran Thi S1,6.43
SV852,Le Van S2,4.21
SV853,Nguyen Van S3,7.01
SV854,Tran Thi S4,9.36
SV855,Le Van S5,5.04
SV856,Nguyen Van S6,9.93
SV857,Tran Thi S7,6.86
SV858,Le Van S8,8.41
SV859,Nguyen Van S9,4.92
SV860,Tran Thi S0,4.69
SV861,Le Van S1,6.97
SV862,Nguyen Van S2,4.16
SV863,Tran Thi S3,4.97
SV864,Le Van S4,6.16
SV865,Nguyen Van S5,4.61
SV866,Tran Thi S6,5.7
SV867,Le Van S7,6.63
SV868,Nguyen Van S8,4.32
SV869,Tran Thi S9,4.83
SV870,Le Van S0,6.58
SV871,Nguyen Van S1,6.06
SV872,Tran Thi S2,8.73
SV873,Le Van S3,8.73
SV874,Nguyen Van S4,4.58
SV875,Tran Thi S5,7.19
SV876,Le Van S6,5.37
SV877,Nguyen Van S7,5.39
SV878,Tran Thi S8,6.8
SV879,Le Van S9,9.62
SV880,Nguyen Van S0,9.48
SV881,Tran Thi S1,4.56
SV882,Le Van S2,6.74
SV883,Nguyen Van S3,8.51
SV884,Tran Thi S4,5.78
SV885,Le Van S5,7.14
SV886,Nguyen Van S6,4.43
SV887,Tran Thi S7,5.03
SV888,Le Van S8,9.99
SV889,Nguyen Van S9,4.77
SV890,Tran Thi S0,4.91
SV891,Le Van S1,5.75
SV892,Nguyen Van S2,7.8
SV893,Tran Thi S3,5.86
SV894,Le Van S4,4.23
SV895,Nguyen Van S5,9.69
SV896,Tran Thi S6,6.46
SV897,Le Van S7,7.61
SV898,Nguyen Van S8,8.52
SV899,Tran Thi S9,4.62
SV900,Le Van S0,8.8
SV901,Nguyen Van S1,6.12
SV902,Tran Thi S2,4.51
SV903,Le Van S3,4.17
SV904,Nguyen Van S4,8.91
SV905,Tran Thi S5,7.28
SV906,Le Van S6,4.96
SV907,Nguyen Van S7,5.65
SV908,Tran Thi S8,4.68
SV909,Le Van S9,4.36
SV910,Nguyen Van S0,6.94
SV911,Tran Thi S1,7.02
SV912,Le Van S2,8.36
SV913,Nguyen Van S3,5.78
SV914,Tran Thi S4,6.8
SV915,Le Van S5,4.69
SV916,Nguyen Van S6,7.15
SV917,Tran Thi S7,5.29
SV918,Le Van S8,9.83
SV919,Nguyen Van S9,8.52
SV920,Tran Thi S0,8.13
SV921,Le Van S1,5.05
SV922,Nguyen Van S2,5.58
SV923,Tran Thi S3,6.25
SV924,Le Van S4,6.1
SV925,Nguyen Van S5,6.01
SV926,Tran Thi S6,4.97
SV927,Le Van S7,9.69
SV928,Nguyen Van S8,8.69
SV929,Tran Thi S9,8.71
SV930,Le Van S0,8.59
SV931,Nguyen Van S1,4.6
SV932,Tran Thi S2,4.33
SV933,Le Van S3,9.74
SV934,Nguyen Van S4,4.64
SV935,Tran Thi S5,8.31
SV936,Le Van S6,4.26
SV937,Nguyen Van S7,7.56
SV938,Tran Thi S8,7.3
SV939,Le Van S9,5.88
SV940,Nguyen Van S0,9.38
SV941,Tran Thi S1,8.55
SV942,Le Van S2,8.92
SV943,Nguyen Van S3,9.08
SV944,Tran Thi S4,8.87
SV945,Le Van S5,4.94
SV946,Nguyen Van S6,8.7
SV947,Tran Thi S7,8.53
SV948,Le Van S8,5.44
SV949,Nguyen Van S9,8.1
SV950,Tran Thi S0,6.65
SV951,Le Van S1,7.69
SV952,Nguyen Van S2,8.92
SV953,Tran Thi S3,9.97
SV954,Le Van S4,5.78
SV955,Nguyen Van S5,7.66
SV956,Tran Thi S6,7.66
SV957,Le Van S7,9.32
SV958,Nguyen Van S8,6.06
SV959,Tran Thi S9,6.64
SV960,Le Van S0,7.39
SV961,Nguyen Van S1,8.81
SV962,Tran Thi S2,5.68
SV963,Le Van S3,9
SV964,Nguyen Van S4,6.75
SV965,Tran Thi S5,9.55
SV966,Le Van S6,8.94
SV967,Nguyen Van S7,8.14
SV968,Tran Thi S8,9.19
SV969,Le Van S9,5.53
SV970,Nguyen Van S0,6.82
SV971,Tran Thi S1,8.07
SV972,Le Van S2,5.03
SV973,Nguyen Van S3,4.82
SV974,Tran Thi S4,8.73
SV975,Le Van S5,7.5
SV976,Nguyen Van S6,8.57
SV977,Tran Thi S7,4.02
SV978,Le Van S8,8.18
SV979,Nguyen Van S9,5.17
SV980,Tran Thi S0,9.22
SV981,Le Van S1,6.54
SV982,Nguyen Van S2,8.66
SV983,Tran Thi S3,8.26
SV984,Le Van S4,4.35
SV985,Nguyen Van S5,9.54
SV986,Tran Thi S6,9.5
SV987,Le Van S7,4.4
SV988,Nguyen Van S8,6.21
SV989,Tran Thi S9,4.79
SV990,Le Van S0,4.37
SV991,Nguyen Van S1,5.98
SV992,Tran Thi S2,5.97
SV993,Le Van S3,8.52
SV994,Nguyen Van S4,9.94
SV995,Tran Thi S5,7.71
SV996,Le Van S6,9.81
SV997,Nguyen Van S7,5.69
SV998,Tran Thi S8,9.69
SV999,Le Van S9,5.79
SV1000,Nguyen Van S0,4.43
SV1001,Tran Thi S1,8.12
SV1002,Le Van S2,6.81
SV1003,Nguyen Van S3,8.71
SV1004,Tran Thi S4,9.76
SV1005,Le Van S5,6.38
SV1006,Nguyen Van S6,9.93
SV1007,Tran Thi S7,8.46
SV1008,Le Van S8,4.03
SV1009,Nguyen Van S9,6.89
SV1010,Tran Thi S0,5.44
SV1011,Le Van S1,6.52
SV1012,Nguyen Van S2,4.49
SV1013,Tran Thi S3,5.8
SV1014,Le Van S4,7.12
SV1015,Nguyen Van S5,9.74
SV1016,Tran Thi S6,5.82
SV1017,Le Van S7,7.5
SV1018,Nguyen Van S8,9.22
SV1019,Tran Thi S9,5.53
SV1020,Le Van S0,4.01
SV1021,Nguyen Van S1,5.39
SV1022,Tran Thi S2,8.16
SV1023,Le Van S3,5.96
SV1024,Nguyen Van S4,9.57
SV1025,Tran Thi S5,9.66
SV1026,Le Van S6,9.92
SV1027,Nguyen Van S7,5.29
SV1028,Tran Thi S8,9.37
SV1029,Le Van S9,7.12
SV1030,Nguyen Van S0,5.4
SV1031,Tran Thi S1,8.76
SV1032,Le Van S2,6.58
SV1033,Nguyen Van S3,8.56
SV1034,Tran Thi S4,4.86
SV1035,Le Van S5,5.11
SV1036,Nguyen Van S6,7.29
SV1037,Tran Thi S7,7.8
SV1038,Le Van S8,5.35
SV1039,Nguyen Van S9,4.46
SV1040,Tran Thi S0,4.8
SV1041,Le Van S1,4.74
SV1042,Nguyen Van S2,6.92
SV1043,Tran Thi S3,9.45
SV1044,Le Van S4,8.7
SV1045,Nguyen Van S5,4.2
SV1046,Tran Thi S6,4.83
SV1047,Le Van S7,5.67
SV1048,Nguyen Van S8,9.99
SV1049,Tran Thi S9,4.78
SV1050,Le Van S0,4.66
SV1051,Nguyen Van S1,6.43
SV1052,Tran Thi S2,9.29
SV1053,Le Van S3,7.75
SV1054,Nguyen Van S4,4.74
SV1055,Tran Thi S5,8.7
SV1056,Le Van S6,4.04
SV1057,Nguyen Van S7,8.98
SV1058,Tran Thi S8,7.02
SV1059,Le Van S9,8.6
SV1060,Nguyen Van S0,7.27
SV1061,Tran Thi S1,8.43
SV1062,Le Van S2,4.45
SV1063,Nguyen Van S3,8.01
SV1064,Tran Thi S4,8.26
SV1065,Le Van S5,6.66
SV1066,Nguyen Van S6,6.44
SV1067,Tran Thi S7,4.43
SV1068,Le Van S8,8.52
SV1069,Nguyen Van S9,5.94
SV1070,Tran Thi S0,9.97
SV1071,Le Van S1,4.84
SV1072,Nguyen Van S2,8.12
SV1073,Tran Thi S3,6.74
SV1074,Le Van S4,6.56
SV1075,Nguyen Van S5,4.41
SV1076,Tran Thi S6,6.02
SV1077,Le Van S7,8.04
SV1078,Nguyen Van S8,6.01
SV1079,Tran Thi S9,5.01
SV1080,Le Van S0,5.32
SV1081,Nguyen Van S1,6.35
SV1082,Tran Thi S2,6.15
SV1083,Le Van S3,7.58
SV1084,Nguyen Van S4,6.1
SV1085,Tran Thi S5,6.37
SV1086,Le Van S6,8.07
SV1087,Nguyen Van S7,6.18
SV1088,Tran Thi S8,7.19
SV1089,Le Van S9,5.8
SV1090,Nguyen Van S0,8.17
SV1091,Tran Thi S1,5.3
SV1092,Le Van S2,9.73
SV1093,Nguyen Van S3,9.49
SV1094,Tran Thi S4,4.96
SV1095,Le Van S5,8.25
SV1096,Nguyen Van S6,5.79
SV1097,Tran Thi S7,5.47
SV1098,Le Van S8,8.41
SV1099,Nguyen Van S9,6.1
SV1100,Tran Thi S0,6.7
SV1101,Le Van S1,6.69
SV1102,Nguyen Van S2,8.12
SV1103,Tran Thi S3,6.94
SV1104,Le Van S4,8.6
SV1105,Nguyen Van S5,6.1
SV1106,Tran Thi S6,5.9
SV1107,Le Van S7,9.83
SV1108,Nguyen Van S8,6.12
SV1109,Tran Thi S9,8.71
SV1110,Le Van S0,9.75
SV1111,Nguyen Van S1,8.5
SV1112,Tran Thi S2,4.48
SV1113,Le Van S3,4.74
SV1114,Nguyen Van S4,7.08
SV1115,Tran Thi S5,7.08
SV1116,Le Van S6,6.39
SV1117,Nguyen Van S7,4.19
SV1118,Tran Thi S8,7.81
SV1119,Le Van S9,8.83
SV1120,Nguyen Van S0,5.34
SV1121,Tran Thi S1,4.71
SV1122,Le Van S2,5.95
SV1123,Nguyen Van S3,7.41
SV1124,Tran Thi S4,6.71
SV1125,Le Van S5,9.34
SV1126,Nguyen Van S6,6.72
SV1127,Tran Thi S7,7.72
SV1128,Le Van S8,7.59
SV1129,Nguyen Van S9,5.43
SV1130,Tran Thi S0,6.13
SV1131,Le Van S1,9.89
SV1132,Nguyen Van S2,6.46
SV1133,Tran Thi S3,8.66
SV1134,Le Van S4,6.12
SV1135,Nguyen Van S5,4.66
SV1136,Tran Thi S6,9.91
SV1137,Le Van S7,6.2
SV1138,Nguyen Van S8,8.04
SV1139,Tran Thi S9,9.48
SV1140,Le Van S0,7.69
SV1141,Nguyen Van S1,6.29
SV1142,Tran Thi S2,7.25
SV1143,Le Van S3,9.89
SV1144,Nguyen Van S4,5.64
SV1145,Tran Thi S5,6.17
SV1146,Le Van S6,8.19
SV1147,Nguyen Van S7,5.53
SV1148,Tran Thi S8,7.61
SV1149,Le Van S9,5.69
SV1150,Nguyen Van S0,9.02
SV1151,Tran Thi S1,7.25
SV1152,Le Van S2,4.82
SV1153,Nguyen Van S3,9.97
SV1154,Tran Thi S4,7.2
SV1155,Le Van S5,7.45
SV1156,Nguyen Van S6,6.92
SV1157,Tran Thi S7,4.24
SV1158,Le Van S8,7.91
SV1159,Nguyen Van S9,4.7
SV1160,Tran Thi S0,7.66
SV1161,Le Van S1,5.76
SV1162,Nguyen Van S2,6.26
SV1163,Tran Thi S3,7
SV1164,Le Van S4,9.53
SV1165,Nguyen Van S5,6.87
SV1166,Tran Thi S6,4.84
SV1167,Le Van S7,4.46
SV1168,Nguyen Van S8,5.9
SV1169,Tran Thi S9,4.51
SV1170,Le Van S0,6.97
SV1171,Nguyen Van S1,4.53
SV1172,Tran Thi S2,6.87
SV1173,Le Van S3,6.23
SV1174,Nguyen Van S4,4.88
SV1175,Tran Thi S5,9.69
SV1176,Le Van S6,9.62
SV1177,Nguyen Van S7,6.64
SV1178,Tran Thi S8,4.51
SV1179,Le Van S9,7.86
SV1180,Nguyen Van S0,7.68
SV1181,Tran Thi S1,6.34
SV1182,Le Van S2,7.86
SV1183,Nguyen Van S3,4.55
SV1184,Tran Thi S4,6.02
SV1185,Le Van S5,5.48
SV1186,Nguyen Van S6,6.77
SV1187,Tran Thi S7,8.6
SV1188,Le Van S8,4.66
SV1189,Nguyen Van S9,4.37
SV1190,Tran Thi S0,6.74
SV1191,Le Van S1,8.32
SV1192,Nguyen Van S2,4.08
SV1193,Tran Thi S3,4.52
SV1194,Le Van S4,5.68
SV1195,Nguyen Van S5,5.84
SV1196,Tran Thi S6,9.69
SV1197,Le Van S7,4.93
SV1198,Nguyen Van S8,8.37
SV1199,Tran Thi S9,8.18
SV1200,Le Van S0,8.36
SV1201,Nguyen Van S1,6.38
SV1202,Tran Thi S2,7.99
SV1203,Le Van S3,8
SV1204,Nguyen Van S4,6.84
SV1205,Tran Thi S5,6.88
SV1206,Le Van S6,6.81
SV1207,Nguyen Van S7,7.01
SV1208,Tran Thi S8,6.08
SV1209,Le Van S9,7.55
SV1210,Nguyen Van S0,4.79
SV1211,Tran Thi S1,8.56
SV1212,Le Van S2,4.76
SV1213,Nguyen Van S3,6.98
SV1214,Tran Thi S4,7.87
SV1215,Le Van S5,7.71
SV1216,Nguyen Van S6,5.64
SV1217,Tran Thi S7,5.91
SV1218,Le Van S8,5.71
SV1219,Nguyen Van S9,5.68
SV1220,Tran Thi S0,4.59
SV1221,Le Van S1,6.43
SV1222,Nguyen Van S2,7.1
SV1223,Tran Thi S3,4.88
SV1224,Le Van S4,7.06
SV1225,Nguyen Van S5,8.61
SV1226,Tran Thi S6,4.46
SV1227,Le Van S7,7.44
SV1228,Nguyen Van S8,8.6
SV1229,Tran Thi S9,7.84
SV1230,Le Van S0,5.17
SV1231,Nguyen Van S1,6.11
SV1232,Tran Thi S2,8.92
SV1233,Le Van S3,5.62
SV1234,Nguyen Van S4,4.31
SV1235,Tran Thi S5,8.76
SV1236,Le Van S6,8.03
SV1237,Nguyen Van S7,4.46
SV1238,Tran Thi S8,8.46
SV1239,Le Van S9,8.42
SV1240,Nguyen Van S0,6.65
SV1241,Tran Thi S1,9.49
SV1242,Le Van S2,5.05
SV1243,Nguyen Van S3,9.93
SV1244,Tran Thi S4,7.48
SV1245,Le Van S5,8.23
SV1246,Nguyen Van S6,7.08
SV1247,Tran Thi S7,6.25
SV1248,Le Van S8,4.47
SV1249,Nguyen Van S9,9.22
SV1250,Tran Thi S0,5.9
SV1251,Le Van S1,6.08
SV1252,Nguyen Van S2,5.81
SV1253,Tran Thi S3,9.69
SV1254,Le Van S4,8.43
SV1255,Nguyen Van S5,7.96
SV1256,Tran Thi S6,5.42
SV1257,Le Van S7,4.83
SV1258,Nguyen Van S8,7.71
SV1259,Tran Thi S9,7.76
SV1260,Le Van S0,5.1
SV1261,Nguyen Van S1,4.08
SV1262,Tran Thi S2,8.01
SV1263,Le Van S3,4.06
SV1264,Nguyen Van S4,9.42
SV1265,Tran Thi S5,5.47
SV1266,Le Van S6,5.61
SV1267,Nguyen Van S7,8.26
SV1268,Tran Thi S8,9.47
SV1269,Le Van S9,4.07
SV1270,Nguyen Van S0,7.19
SV1271,Tran Thi S1,9.38
SV1272,Le Van S2,7.48
SV1273,Nguyen Van S3,6.75
SV1274,Tran Thi S4,9.3
SV1275,Le Van S5,8.69
SV1276,Nguyen Van S6,5.42
SV1277,Tran Thi S7,5.65
SV1278,Le Van S8,9.54
SV1279,Nguyen Van S9,7.99
SV1280,Tran Thi S0,4.77
SV1281,Le Van S1,8.19
SV1282,Nguyen Van S2,7.86
SV1283,Tran Thi S3,4.7
SV1284,Le Van S4,4.88
SV1285,Nguyen Van S5,6.55
SV1286,Tran Thi S6,6.61
SV1287,Le Van S7,8.26
SV1288,Nguyen Van S8,6.76
SV1289,Tran Thi S9,6.85
SV1290,Le Van S0,6.78
SV1291,Nguyen Van S1,5.49
SV1292,Tran Thi S2,6.76
SV1293,Le Van S3,5.12
SV1294,Nguyen Van S4,5.3
SV1295,Tran Thi S5,9.15
SV1296,Le Van S6,4.79
SV1297,Nguyen Van S7,4.71
SV1298,Tran Thi S8,7.62
SV1299,Le Van S9,8.79
SV1300,Nguyen Van S0,9.02
SV1301,Tran Thi S1,5.86
SV1302,Le Van S2,4.4
SV1303,Nguyen Van S3,6.46
SV1304,Tran Thi S4,7.15
SV1305,Le Van S5,7.78
SV1306,Nguyen Van S6,4.02
SV1307,Tran Thi S7,7.07
SV1308,Le Van S8,8.52
SV1309,Nguyen Van S9,9.65
SV1310,Tran Thi S0,8.62
SV1311,Le Van S1,6.17
SV1312,Nguyen Van S2,4.59
SV1313,Tran Thi S3,6.07
SV1314,Le Van S4,5.76
SV1315,Nguyen Van S5,5.66
SV1316,Tran Thi S6,5.79
SV1317,Le Van S7,9.4
SV1318,Nguyen Van S8,8.48
SV1319,Tran Thi S9,5.07
SV1320,Le Van S0,4.45
SV1321,Nguyen Van S1,7.37
SV1322,Tran Thi S2,7.8
SV1323,Le Van S3,4.41
SV1324,Nguyen Van S4,5.64
SV1325,Tran Thi S5,5.23
SV1326,Le Van S6,7.67
SV1327,Nguyen Van S7,6.43
SV1328,Tran Thi S8,9.23
SV1329,Le Van S9,7.43
SV1330,Nguyen Van S0,4.82
SV1331,Tran Thi S1,7.51
SV1332,Le Van S2,9.6
SV1333,Nguyen Van S3,8.7
SV1334,Tran Thi S4,6.52
SV1335,Le Van S5,9.9
SV1336,Nguyen Van S6,6.41
SV1337,Tran Thi S7,9.89
SV1338,Le Van S8,9.79
SV1339,Nguyen Van S9,8.15
SV1340,Tran Thi S0,7.48
SV1341,Le Van S1,4.9
SV1342,Nguyen Van S2,9.68
SV1343,Tran Thi S3,4.06
SV1344,Le Van S4,4.43
SV1345,Nguyen Van S5,5.61
SV1346,Tran Thi S6,6.79
SV1347,Le Van S7,8
SV1348,Nguyen Van S8,7.93
SV1349,Tran Thi S9,8.05
SV1350,Le Van S0,4.85
SV1351,Nguyen Van S1,6.86
SV1352,Tran Thi S2,4.78
SV1353,Le Van S3,8.44
SV1354,Nguyen Van S4,8.45
SV1355,Tran Thi S5,4.07
SV1356,Le Van S6,4.9
SV1357,Nguyen Van S7,8.03
SV1358,Tran Thi S8,5.53
SV1359,Le Van S9,6.01
SV1360,Nguyen Van S0,9.33
SV1361,Tran Thi S1,8.53
SV1362,Le Van S2,5.81
SV1363,Nguyen Van S3,9.9
SV1364,Tran Thi S4,9.9
SV1365,Le Van S5,9.43
SV1366,Nguyen Van S6,8.06
SV1367,Tran Thi S7,5.47
SV1368,Le Van S8,8.75
SV1369,Nguyen Van S9,5.81
SV1370,Tran Thi S0,7.41
SV1371,Le Van S1,4.37
SV1372,Nguyen Van S2,5.75
SV1373,Tran Thi S3,4.09
SV1374,Le Van S4,4.39
SV1375,Nguyen Van S5,5.52
SV1376,Tran Thi S6,7.99
SV1377,Le Van S7,7.91
SV1378,Nguyen Van S8,6.88
SV1379,Tran Thi S9,8.17
SV1380,Le Van S0,7.56
SV1381,Nguyen Van S1,4.04
SV1382,Tran Thi S2,9.33
SV1383,Le Van S3,4.1
SV1384,Nguyen Van S4,9.82
SV1385,Tran Thi S5,5.22
SV1386,Le Van S6,4.8
SV1387,Nguyen Van S7,7.25
SV1388,Tran Thi S8,6.85
SV1389,Le Van S9,4.67
SV1390,Nguyen Van S0,9.97
SV1391,Tran Thi S1,5.07
SV1392,Le Van S2,8.11
SV1393,Nguyen Van S3,9.43
SV1394,Tran Thi S4,5.09
SV1395,Le Van S5,4.47
SV1396,Nguyen Van S6,7.79
SV1397,Tran Thi S7,5.66
SV1398,Le Van S8,6.5
SV1399,Nguyen Van S9,4.68
SV1400,Tran Thi S0,9.16
SV1401,Le Van S1,4.76
SV1402,Nguyen Van S2,9.2
SV1403,Tran Thi S3,6.71
SV1404,Le Van S4,8.92
SV1405,Nguyen Van S5,4.58
SV1406,Tran Thi S6,8.21
SV1407,Le Van S7,9.96
SV1408,Nguyen Van S8,8.36
SV1409,Tran Thi S9,6.84
SV1410,Le Van S0,5.09
SV1411,Nguyen Van S1,8.63
SV1412,Tran Thi S2,9.46
SV1413,Le Van S3,7.06
SV1414,Nguyen Van S4,4.65
SV1415,Tran Thi S5,7.52
SV1416,Le Van S6,5.76
SV1417,Nguyen Van S7,9.89
SV1418,Tran Thi S8,7.81
SV1419,Le Van S9,5.98
SV1420,Nguyen Van S0,7.51
SV1421,Tran Thi S1,6.6
SV1422,Le Van S2,5.74
SV1423,Nguyen Van S3,5.29
SV1424,Tran Thi S4,6.24
SV1425,Le Van S5,4.68
SV1426,Nguyen Van S6,5.95
SV1427,Tran Thi S7,6.46
SV1428,Le Van S8,4.67
SV1429,Nguyen Van S9,5.15
SV1430,Tran Thi S0,7.15
SV1431,Le Van S1,4.66
SV1432,Nguyen Van S2,4.35
SV1433,Tran Thi S3,9.52
SV1434,Le Van S4,5.83
SV1435,Nguyen Van S5,9.4
SV1436,Tran Thi S6,6.87
SV1437,Le Van S7,4.83
SV1438,Nguyen Van S8,5.73
SV1439,Tran Thi S9,7.64
SV1440,Le Van S0,4.96
SV1441,Nguyen Van S1,8.03
SV1442,Tran Thi S2,9.52
SV1443,Le Van S3,6.28
SV1444,Nguyen Van S4,6.18
SV1445,Tran Thi S5,5.19
SV1446,Le Van S6,6.36
SV1447,Nguyen Van S7,4.58
SV1448,Tran Thi S8,9.02
SV1449,Le Van S9,4.87
SV1450,Nguyen Van S0,9.09
SV1451,Tran Thi S1,6.97
SV1452,Le Van S2,9.24
SV1453,Nguyen Van S3,8.27
SV1454,Tran Thi S4,4.7
SV1455,Le Van S5,6.26
SV1456,Nguyen Van S6,4.78
SV1457,Tran Thi S7,4.35
SV1458,Le Van S8,8.36
SV1459,Nguyen Van S9,9.95
SV1460,Tran Thi S0,6.64
SV1461,Le Van S1,5.29
SV1462,Nguyen Van S2,4.6
SV1463,Tran Thi S3,6.7
SV1464,Le Van S4,4.44
SV1465,Nguyen Van S5,7.23
SV1466,Tran Thi S6,7.98
SV1467,Le Van S7,5.88
SV1468,Nguyen Van S8,9.54
SV1469,Tran Thi S9,8.93
SV1470,Le Van S0,6.75
SV1471,Nguyen Van S1,8.05
SV1472,Tran Thi S2,5.12
SV1473,Le Van S3,4.41
SV1474,Nguyen Van S4,4.89
SV1475,Tran Thi S5,4.64
SV1476,Le Van S6,5.51
SV1477,Nguyen Van S7,4.96
SV1478,Tran Thi S8,7.88
SV1479,Le Van S9,9.98
SV1480,Nguyen Van S0,10
SV1481,Tran Thi S1,9.76
SV1482,Le Van S2,6.22
SV1483,Nguyen Van S3,5.95
SV1484,Tran Thi S4,4.4
SV1485,Le Van S5,9.65
SV1486,Nguyen Van S6,5.22
SV1487,Tran Thi S7,7.47
SV1488,Le Van S8,9.37
SV1489,Nguyen Van S9,8.27
SV1490,Tran Thi S0,9.13
SV1491,Le Van S1,4.99
SV1492,Nguyen Van S2,9.35
SV1493,Tran Thi S3,9.99
SV1494,Le Van S4,5.75
SV1495,Nguyen Van S5,7.92
SV1496,Tran Thi S6,9.3
SV1497,Le Van S7,4.13
SV1498,Nguyen Van S8,4.62
SV1499,Tran Thi S9,9.4
SV1500,Le Van S0,7.52
SV1501,Nguyen Van S1,5.31
SV1502,Tran Thi S2,9.57
SV1503,Le Van S3,5.24
SV1504,Nguyen Van S4,6.96
SV1505,Tran Thi S5,9.86
SV1506,Le Van S6,9.84
SV1507,Nguyen Van S7,4.16
SV1508,Tran Thi S8,8.34
SV1509,Le Van S9,7.87
SV1510,Nguyen Van S0,5.12
SV1511,Tran Thi S1,6.68
SV1512,Le Van S2,4.37
SV1513,Nguyen Van S3,9.91
SV1514,Tran Thi S4,9.12
SV1515,Le Van S5,8.7
SV1516,Nguyen Van S6,8.13
SV1517,Tran Thi S7,5.37
SV1518,Le Van S8,8.9
SV1519,Nguyen Van S9,8.58
SV1520,Tran Thi S0,6.15
SV1521,Le Van S1,5.6
SV1522,Nguyen Van S2,8.16
SV1523,Tran Thi S3,7.24
SV1524,Le Van S4,9.04
SV1525,Nguyen Van S5,8.04
SV1526,Tran Thi S6,8.2
SV1527,Le Van S7,9.72
SV1528,Nguyen Van S8,7.51
SV1529,Tran Thi S9,9.25
SV1530,Le Van S0,9.93
SV1531,Nguyen Van S1,5.03
SV1532,Tran Thi S2,9.02
SV1533,Le Van S3,9.99
SV1534,Nguyen Van S4,7.27
SV1535,Tran Thi S5,8.83
SV1536,Le Van S6,5.85
SV1537,Nguyen Van S7,9.61
SV1538,Tran Thi S8,6.85
SV1539,Le Van S9,5.86
SV1540,Nguyen Van S0,7.69
SV1541,Tran Thi S1,4.01
SV1542,Le Van S2,5.09
SV1543,Nguyen Van S3,8.58
SV1544,Tran Thi S4,5.09
SV1545,Le Van S5,8.99
SV1546,Nguyen Van S6,7.9
SV1547,Tran Thi S7,4.17
SV1548,Le Van S8,9
SV1549,Nguyen Van S9,8.42
SV1550,Tran Thi S0,7.52
SV1551,Le Van S1,5.91
SV1552,Nguyen Van S2,8.46
SV1553,Tran Thi S3,9.73
SV1554,Le Van S4,9.82
SV1555,Nguyen Van S5,4.14
SV1556,Tran Thi S6,8.2
SV1557,Le Van S7,7.77
SV1558,Nguyen Van S8,7.12
SV1559,Tran Thi S9,8.44
SV1560,Le Van S0,9.75
SV1561,Nguyen Van S1,6.13
SV1562,Tran Thi S2,5.95
SV1563,Le Van S3,4.98
SV1564,Nguyen Van S4,5.26
SV1565,Tran Thi S5,5.41
SV1566,Le Van S6,6.93
SV1567,Nguyen Van S7,5.34
SV1568,Tran Thi S8,7.13
SV1569,Le Van S9,4.35
SV1570,Nguyen Van S0,7.47
SV1571,Tran Thi S1,4.16
SV1572,Le Van S2,6.89
SV1573,Nguyen Van S3,7.84
SV1574,Tran Thi S4,4.15
SV1575,Le Van S5,4.42
SV1576,Nguyen Van S6,8.83
SV1577,Tran Thi S7,9.57
SV1578,Le Van S8,6.53
SV1579,Nguyen Van S9,9.99
SV1580,Tran Thi S0,8.79
SV1581,Le Van S1,7.79
SV1582,Nguyen Van S2,5
SV1583,Tran Thi S3,6.64
SV1584,Le Van S4,7.53
SV1585,Nguyen Van S5,9.02
SV1586,Tran Thi S6,9.3
SV1587,Le Van S7,7.75
SV1588,Nguyen Van S8,5.72
SV1589,Tran Thi S9,7.45
SV1590,Le Van S0,8.76
SV1591,Nguyen Van S1,6.55
SV1592,Tran Thi S2,6.36
SV1593,Le Van S3,5.21
SV1594,Nguyen Van S4,6.54
SV1595,Tran Thi S5,4.38
SV1596,Le Van S6,6.82
SV1597,Nguyen Van S7,7.99
SV1598,Tran Thi S8,5.17
SV1599,Le Van S9,5.31
SV1600,Nguyen Van S0,4.09
SV1601,Tran Thi S1,8.07
SV1602,Le Van S2,6.33
SV1603,Nguyen Van S3,8.39
SV1604,Tran Thi S4,9.69
SV1605,Le Van S5,8.11
SV1606,Nguyen Van S6,6.96
SV1607,Tran Thi S7,9.99
SV1608,Le Van S8,8.03
SV1609,Nguyen Van S9,7.4
SV1610,Tran Thi S0,9.57
SV1611,Le Van S1,5.99
SV1612,Nguyen Van S2,4.39
SV1613,Tran Thi S3,7.47
SV1614,Le Van S4,7.03
SV1615,Nguyen Van S5,4.85
SV1616,Tran Thi S6,8.53
SV1617,Le Van S7,4.13
SV1618,Nguyen Van S8,8.63
SV1619,Tran Thi S9,5.01
SV1620,Le Van S0,5.75
SV1621,Nguyen Van S1,7.42
SV1622,Tran Thi S2,5.42
SV1623,Le Van S3,6.82
SV1624,Nguyen Van S4,5.23
SV1625,Tran Thi S5,8.24
SV1626,Le Van S6,8.75
SV1627,Nguyen Van S7,4.49
SV1628,Tran Thi S8,8.22
SV1629,Le Van S9,4.31
SV1630,Nguyen Van S0,8.65
SV1631,Tran Thi S1,8.43
SV1632,Le Van S2,5.14
SV1633,Nguyen Van S3,4.13
SV1634,Tran Thi S4,9.2
SV1635,Le Van S5,4.13
SV1636,Nguyen Van S6,9.23
SV1637,Tran Thi S7,4.87
SV1638,Le Van S8,4.18
SV1639,Nguyen Van S9,9.85
SV1640,Tran Thi S0,5.66
SV1641,Le Van S1,4.94
SV1642,Nguyen Van S2,7.91
SV1643,Tran Thi S3,4.55
SV1644,Le Van S4,8.28
SV1645,Nguyen Van S5,4.61
SV1646,Tran Thi S6,4.89
SV1647,Le Van S7,9.61
SV1648,Nguyen Van S8,4.61
SV1649,Tran Thi S9,6.44
SV1650,Le Van S0,8.68
SV1651,Nguyen Van S1,8.8
SV1652,Tran Thi S2,5.62
SV1653,Le Van S3,6.09
SV1654,Nguyen Van S4,5
SV1655,Tran Thi S5,7.26
SV1656,Le Van S6,9.48
SV1657,Nguyen Van S7,8
SV1658,Tran Thi S8,6.63
SV1659,Le Van S9,4.72
SV1660,Nguyen Van S0,9.09
SV1661,Tran Thi S1,8.27
SV1662,Le Van S2,6.67
SV1663,Nguyen Van S3,9.19
SV1664,Tran Thi S4,5.99
SV1665,Le Van S5,9.91
SV1666,Nguyen Van S6,4.14
SV1667,Tran Thi S7,4.79
SV1668,Le Van S8,9.52
SV1669,Nguyen Van S9,6.45
SV1670,Tran Thi S0,8.13
SV1671,Le Van S1,5.43
SV1672,Nguyen Van S2,4.07
SV1673,Tran Thi S3,5.33
SV1674,Le Van S4,9.78
SV1675,Nguyen Van S5,7.64
SV1676,Tran Thi S6,4.99
SV1677,Le Van S7,9.96
SV1678,Nguyen Van S8,7.09
SV1679,Tran Thi S9,5.43
SV1680,Le Van S0,9.14
SV1681,Nguyen Van S1,5.25
SV1682,Tran Thi S2,9.83
SV1683,Le Van S3,4.22
SV1684,Nguyen Van S4,4.08
SV1685,Tran Thi S5,9.76
SV1686,Le Van S6,5.79
SV1687,Nguyen Van S7,8.14
SV1688,Tran Thi S8,4.45
SV1689,Le Van S9,7.89
SV1690,Nguyen Van S0,8.64
SV1691,Tran Thi S1,8.4
SV1692,Le Van S2,6.13
SV1693,Nguyen Van S3,8.42
SV1694,Tran Thi S4,8.44
SV1695,Le Van S5,7.73
SV1696,Nguyen Van S6,8.5
SV1697,Tran Thi S7,6.66
SV1698,Le Van S8,9.42
SV1699,Nguyen Van S9,9.18
SV1700,Tran Thi S0,8.51
SV1701,Le Van S1,5.06
SV1702,Nguyen Van S2,8.56
SV1703,Tran Thi S3,5.54
SV1704,Le Van S4,7.95
SV1705,Nguyen Van S5,6.78
SV1706,Tran Thi S6,9.45
SV1707,Le Van S7,7.04
SV1708,Nguyen Van S8,8.74
SV1709,Tran Thi S9,4.22
SV1710,Le Van S0,4.95
SV1711,Nguyen Van S1,8.29
SV1712,Tran Thi S2,6.02
SV1713,Le Van S3,5.57
SV1714,Nguyen Van S4,7.44
SV1715,Tran Thi S5,9.57
SV1716,Le Van S6,7.73
SV1717,Nguyen Van S7,4.95
SV1718,Tran Thi S8,5.93
SV1719,Le Van S9,4.79
SV1720,Nguyen Van S0,4.24
SV1721,Tran Thi S1,4.82
SV1722,Le Van S2,7.18
SV1723,Nguyen Van S3,7.9
SV1724,Tran Thi S4,7.82
SV1725,Le Van S5,8.34
SV1726,Nguyen Van S6,4.69
SV1727,Tran Thi S7,5.66
SV1728,Le Van S8,9.49
SV1729,Nguyen Van S9,5.49
SV1730,Tran Thi S0,4.57
SV1731,Le Van S1,8.58
SV1732,Nguyen Van S2,5.82
SV1733,Tran Thi S3,9.4
SV1734,Le Van S4,5.02
SV1735,Nguyen Van S5,4
SV1736,Tran Thi S6,9.03
SV1737,Le Van S7,8.13
SV1738,Nguyen Van S8,6.59
SV1739,Tran Thi S9,8.46
SV1740,Le Van S0,6.3
SV1741,Nguyen Van S1,4.83
SV1742,Tran Thi S2,8.82
SV1743,Le Van S3,8.2
SV1744,Nguyen Van S4,7.58
SV1745,Tran Thi S5,9.1
SV1746,Le Van S6,5.17
SV1747,Nguyen Van S7,5.85
SV1748,Tran Thi S8,7.49
SV1749,Le Van S9,4.94
SV1750,Nguyen Van S0,4.19
SV1751,Tran Thi S1,7.21
SV1752,Le Van S2,8.25
SV1753,Nguyen Van S3,4.76
SV1754,Tran Thi S4,7.87
SV1755,Le Van S5,7.6
SV1756,Nguyen Van S6,5.57
SV1757,Tran Thi S7,9.76
SV1758,Le Van S8,4
SV1759,Nguyen Van S9,4.98
SV1760,Tran Thi S0,7.94
SV1761,Le Van S1,7.67
SV1762,Nguyen Van S2,5.32
SV1763,Tran Thi S3,9.87
SV1764,Le Van S4,6.58
SV1765,Nguyen Van S5,8.04
SV1766,Tran Thi S6,5.03
SV1767,Le Van S7,9.59
SV1768,Nguyen Van S8,7.17
SV1769,Tran Thi S9,9.05
SV1770,Le Van S0,4.07
SV1771,Nguyen Van S1,9.4
SV1772,Tran Thi S2,9.52
SV1773,Le Van S3,9.89
SV1774,Nguyen Van S4,4.8
SV1775,Tran Thi S5,5.76
SV1776,Le Van S6,8.8
SV1777,Nguyen Van S7,7.12
SV1778,Tran Thi S8,8.87
SV1779,Le Van S9,5.7
SV1780,Nguyen Van S0,9.47
SV1781,Tran Thi S1,5.17
SV1782,Le Van S2,5.01
SV1783,Nguyen Van S3,5.92
SV1784,Tran Thi S4,9.95
SV1785,Le Van S5,9.74
SV1786,Nguyen Van S6,8.66
SV1787,Tran Thi S7,5.75
SV1788,Le Van S8,9.99
SV1789,Nguyen Van S9,9.17
SV1790,Tran Thi S0,7.54
SV1791,Le Van S1,9.82
SV1792,Nguyen Van S2,7.57
SV1793,Tran Thi S3,7.58
SV1794,Le Van S4,5.47
SV1795,Nguyen Van S5,5.69
SV1796,Tran Thi S6,5.34
SV1797,Le Van S7,9.02
SV1798,Nguyen Van S8,4.75
SV1799,Tran Thi S9,6.36
SV1800,Le Van S0,5.09
SV1801,Nguyen Van S1,4.61
SV1802,Tran Thi S2,8.25
SV1803,Le Van S3,4.93
SV1804,Nguyen Van S4,8.95
SV1805,Tran Thi S5,6.17
SV1806,Le Van S6,4.67
SV1807,Nguyen Van S7,7.73
SV1808,Tran Thi S8,5.99
SV1809,Le Van S9,9.76
SV1810,Nguyen Van S0,5.12
SV1811,Tran Thi S1,4.71
SV1812,Le Van S2,5.28
SV1813,Nguyen Van S3,9.25
SV1814,Tran Thi S4,6.59
SV1815,Le Van S5,8.2
SV1816,Nguyen Van S6,7.85
SV1817,Tran Thi S7,5.45
SV1818,Le Van S8,9.99
SV1819,Nguyen Van S9,5.37
SV1820,Tran Thi S0,7.02
SV1821,Le Van S1,4.84
SV1822,Nguyen Van S2,9.13
SV1823,Tran Thi S3,6.46
SV1824,Le Van S4,7.68
SV1825,Nguyen Van S5,7.53
SV1826,Tran Thi S6,4.4
SV1827,Le Van S7,9.29
SV1828,Nguyen Van S8,4.7
SV1829,Tran Thi S9,4.65
SV1830,Le Van S0,6.93
SV1831,Nguyen Van S1,5.29
SV1832,Tran Thi S2,9.9
SV1833,Le Van S3,6.38
SV1834,Nguyen Van S4,5.92
SV1835,Tran Thi S5,9.84
SV1836,Le Van S6,8.34
SV1837,Nguyen Van S7,9.62
SV1838,Tran Thi S8,4.9
SV1839,Le Van S9,4.98
SV1840,Nguyen Van S0,8.06
SV1841,Tran Thi S1,4.1
SV1842,Le Van S2,6.6
SV1843,Nguyen Van S3,4.38
SV1844,Tran Thi S4,5.67
SV1845,Le Van S5,9.53
SV1846,Nguyen Van S6,5.94
SV1847,Tran Thi S7,9.38
SV1848,Le Van S8,4.55
SV1849,Nguyen Van S9,4.71
SV1850,Tran Thi S0,8.57
SV1851,Le Van S1,6.12
SV1852,Nguyen Van S2,7.81
SV1853,Tran Thi S3,8.37
SV1854,Le Van S4,5.49
SV1855,Nguyen Van S5,9.17
SV1856,Tran Thi S6,6.42
SV1857,Le Van S7,7.05
SV1858,Nguyen Van S8,5.07
SV1859,Tran Thi S9,6.45
SV1860,Le Van S0,8.4
SV1861,Nguyen Van S1,7.15
SV1862,Tran Thi S2,4.04
SV1863,Le Van S3,4.75
SV1864,Nguyen Van S4,5.19
SV1865,Tran Thi S5,6.16
SV1866,Le Van S6,8.44
SV1867,Nguyen Van S7,9.15
SV1868,Tran Thi S8,7.34
SV1869,Le Van S9,5.49
SV1870,Nguyen Van S0,9.95
SV1871,Tran Thi S1,9.2
SV1872,Le Van S2,4.71
SV1873,Nguyen Van S3,4.2
SV1874,Tran Thi S4,9.1
SV1875,Le Van S5,6.36
SV1876,Nguyen Van S6,9.55
SV1877,Tran Thi S7,4.84
SV1878,Le Van S8,5.74
SV1879,Nguyen Van S9,4.05
SV1880,Tran Thi S0,6.66
SV1881,Le Van S1,4.28
SV1882,Nguyen Van S2,4.92
SV1883,Tran Thi S3,7.16
SV1884,Le Van S4,5.34
SV1885,Nguyen Van S5,7.2
SV1886,Tran Thi S6,9.05
SV1887,Le Van S7,9.33
SV1888,Nguyen Van S8,8.92
SV1889,Tran Thi S9,7.72
SV1890,Le Van S0,4.5
SV1891,Nguyen Van S1,7.19
SV1892,Tran Thi S2,4.22
SV1893,Le Van S3,4.68
SV1894,Nguyen Van S4,5.48
SV1895,Tran Thi S5,5.87
SV1896,Le Van S6,4.32
SV1897,Nguyen Van S7,6.12
SV1898,Tran Thi S8,8.41
SV1899,Le Van S9,7.7
SV1900,Nguyen Van S0,7.55
SV1901,Tran Thi S1,4.85
SV1902,Le Van S2,5.15
SV1903,Nguyen Van S3,6.87
SV1904,Tran Thi S4,8.6
SV1905,Le Van S5,4.33
SV1906,Nguyen Van S6,6.51
SV1907,Tran Thi S7,7.89
SV1908,Le Van S8,6.8
SV1909,Nguyen Van S9,6.61
SV1910,Tran Thi S0,9.19
SV1911,Le Van S1,5.47
SV1912,Nguyen Van S2,5.3
SV1913,Tran Thi S3,4
SV1914,Le Van S4,6.72
SV1915,Nguyen Van S5,5.3
SV1916,Tran Thi S6,7.62
SV1917,Le Van S7,9.12
SV1918,Nguyen Van S8,8.2
SV1919,Tran Thi S9,4.74
SV1920,Le Van S0,6.45
SV1921,Nguyen Van S1,7.5
SV1922,Tran Thi S2,7.53
SV1923,Le Van S3,9.67
SV1924,Nguyen Van S4,9.02
SV1925,Tran Thi S5,6.86
SV1926,Le Van S6,8.25
SV1927,Nguyen Van S7,7.8
SV1928,Tran Thi S8,5.01
SV1929,Le Van S9,4.57
SV1930,Nguyen Van S0,4.71
SV1931,Tran Thi S1,9.26
SV1932,Le Van S2,9.23
SV1933,Nguyen Van S3,7.56
SV1934,Tran Thi S4,8.35
SV1935,Le Van S5,7.05
SV1936,Nguyen Van S6,5.56
SV1937,Tran Thi S7,9.37
SV1938,Le Van S8,5.75
SV1939,Nguyen Van S9,7.47
SV1940,Nguyen Van S0,7.74
SV1941,Tran Thi S1,9.31
SV1942,Le Van S2,6.17
SV1943,Nguyen Van S3,4.36
SV1944,Tran Thi S4,6.41
SV1945,Le Van S5,7.23
SV1946,Nguyen Van S6,4.73
SV1947,Tran Thi S7,5.2
SV1948,Le Van S8,6.55
SV1949,Nguyen Van S9,7.46
SV1950,Tran Thi S0,4.74
SV1951,Le Van S1,8.68
SV1952,Nguyen Van S2,8.28
SV1953,Tran Thi S3,6.01
SV1954,Le Van S4,7.66
SV1955,Nguyen Van S5,5.58
SV1956,Tran Thi S6,4.42
SV1957,Le Van S7,9.46
SV1958,Nguyen Van S8,5.2
SV1959,Tran Thi S9,9.07
SV1960,Le Van S0,7.03
SV1961,Nguyen Van S1,9.21
SV1962,Tran Thi S2,7.63
SV1963,Le Van S3,8.81
SV1964,Nguyen Van S4,8.49
SV1965,Tran Thi S5,4.29
SV1966,Le Van S6,9.89
SV1967,Nguyen Van S7,9.25
SV1968,Tran Thi S8,6.64
SV1969,Le Van S9,4.28
SV1970,Nguyen Van S0,6.73
SV1971,Tran Thi S1,6.77
SV1972,Le Van S2,7.12
SV1973,Nguyen Van S3,4.98
SV1974,Tran Thi S4,5.52
SV1975,Le Van S5,7.9
SV1976,Nguyen Van S6,8.06
SV1977,Tran Thi S7,7.13
SV1978,Le Van S8,7.07
SV1979,Nguyen Van S9,9.89
SV1980,Tran Thi S0,6.74
SV1981,Le Van S1,5.59
SV1982,Nguyen Van S2,4.13
SV1983,Tran Thi S3,9.81
SV1984,Le Van S4,9.85
SV1985,Nguyen Van S5,7.55
SV1986,Tran Thi S6,5.06
SV1987,Le Van S7,7.78
SV1988,Nguyen Van S8,4.53
SV1989,Tran Thi S9,9.06
SV1990,Le Van S0,8.8
SV1991,Nguyen Van S1,6.97
SV1992,Tran Thi S2,5.62
SV1993,Le Van S3,9.14
SV1994,Nguyen Van S4,8.48
SV1995,Tran Thi S5,5.78
SV1996,Le Van S6,8.14
SV1997,Nguyen Van S7,8.01
SV1998,Tran Thi S8,9.22
SV1999,Le Van S9,7.47
SV2000,Nguyen Van S0,5.14
SV2001,Tran Thi S1,4.44
SV2002,Le Van S2,5.42
SV2003,Nguyen Van S3,8.52
SV2004,Tran Thi S4,4.49
SV2005,Le Van S5,4.75
SV2006,Nguyen Van S6,7.11
SV2007,Tran Thi S7,6.28
SV2008,Le Van S8,8.67
SV2009,Nguyen Van S9,6.68
SV2010,Tran Thi S0,4.1
SV2011,Le Van S1,6.2
SV2012,Nguyen Van S2,7.45
SV2013,Tran Thi S3,6.12
SV2014,Le Van S4,5.46
SV2015,Nguyen Van S5,9.79
SV2016,Tran Thi S6,5.81
SV2017,Le Van S7,6.94
SV2018,Nguyen Van S8,6.12
SV2019,Tran Thi S9,5.71
SV2020,Le Van S0,7.62
SV2021,Nguyen Van S1,5.86
SV2022,Tran Thi S2,5.6
SV2023,Le Van S3,4.84
SV2024,Nguyen Van S4,4.07
SV2025,Tran Thi S5,4.42
SV2026,Le Van S6,7.29
SV2027,Nguyen Van S7,5.43
SV2028,Tran Thi S8,8.07
SV2029,Le Van S9,8.94
SV2030,Nguyen Van S0,4.96
SV2031,Tran Thi S1,4.22
SV2032,Le Van S2,7.44
SV2033,Nguyen Van S3,7.72
SV2034,Tran Thi S4,5.26
SV2035,Le Van S5,9.14
SV2036,Nguyen Van S6,8.16
SV2037,Tran Thi S7,4.16
SV2038,Le Van S8,9.31
SV2039,Nguyen Van S9,8.57
SV2040,Tran Thi S0,4.5
SV2041,Le Van S1,6.52
SV2042,Nguyen Van S2,6.77
SV2043,Tran Thi S3,4.33
SV2044,Le Van S4,6.19
SV2045,Nguyen Van S5,9.02
SV2046,Tran Thi S6,6.27
SV2047,Le Van S7,9.79
SV2048,Nguyen Van S8,7.74
SV2049,Tran Thi S9,4.94
SV2050,Le Van S0,4.36
SV2051,Nguyen Van S1,4.72
SV2052,Tran Thi S2,4.45
SV2053,Le Van S3,6.09
SV2054,Nguyen Van S4,8.85
SV2055,Tran Thi S5,5.82
SV2056,Le Van S6,9.79
SV2057,Nguyen Van S7,5.28
SV2058,Tran Thi S8,6.58
SV2059,Le Van S9,4.79
SV2060,Nguyen Van S0,9.44
SV2061,Tran Thi S1,7.84
SV2062,Le Van S2,6.53
SV2063,Nguyen Van S3,8.65
SV2064,Tran Thi S4,8.78
SV2065,Le Van S5,4.1
SV2066,Nguyen Van S6,6.3
SV2067,Tran Thi S7,4.4
SV2068,Le Van S8,9.85
SV2069,Nguyen Van S9,9.84
SV2070,Tran Thi S0,8.89
SV2071,Le Van S1,6.17
SV2072,Nguyen Van S2,8.61
SV2073,Tran Thi S3,4.97
SV2074,Le Van S4,4.57
SV2075,Nguyen Van S5,9.45
SV2076,Tran Thi S6,8.4
SV2077,Le Van S7,5.04
SV2078,Nguyen Van S8,7.42
SV2079,Tran Thi S9,8.39
SV2080,Le Van S0,9.55
SV2081,Nguyen Van S1,4.41
SV2082,Tran Thi S2,5.95
SV2083,Le Van S3,4.9
SV2084,Nguyen Van S4,8.45
SV2085,Tran Thi S5,7.48
SV2086,Le Van S6,4.98
SV2087,Nguyen Van S7,4.3
SV2088,Tran Thi S8,6.12
SV2089,Le Van S9,5.52
SV2090,Nguyen Van S0,7.74
SV2091,Tran Thi S1,7.38
SV2092,Le Van S2,8.89
SV2093,Nguyen Van S3,6.95
SV2094,Tran Thi S4,4.8
SV2095,Le Van S5,6.75
SV2096,Nguyen Van S6,9.23
SV2097,Tran Thi S7,4.22
SV2098,Le Van S8,5.67
SV2099,Nguyen Van S9,4.38
SV2100,Tran Thi S0,4
SV2101,Le Van S1,9.32
SV2102,Nguyen Van S2,5.4
SV2103,Tran Thi S3,9.2
SV2104,Le Van S4,7.78
SV2105,Nguyen Van S5,5.13
SV2106,Tran Thi S6,5.36
SV2107,Le Van S7,9.74
SV2108,Nguyen Van S8,8.69
SV2109,Tran Thi S9,7.35
SV2110,Le Van S0,7.37
SV2111,Nguyen Van S1,4.76
SV2112,Tran Thi S2,9.78
SV2113,Le Van S3,6.83
SV2114,Nguyen Van S4,6.83
SV2115,Tran Thi S5,5.66
SV2116,Le Van S6,9.12
SV2117,Nguyen Van S7,5.42
SV2118,Tran Thi S8,4.43
SV2119,Le Van S9,8.11
SV2120,Nguyen Van S0,7.86
SV2121,Tran Thi S1,7.49
SV2122,Le Van S2,9.18
SV2123,Nguyen Van S3,8.94
SV2124,Tran Thi S4,6.83
SV2125,Le Van S5,6.84
SV2126,Nguyen Van S6,9.95
SV2127,Tran Thi S7,5.32
SV2128,Le Van S8,6.42
SV2129,Nguyen Van S9,8.42
SV2130,Tran Thi S0,9.19
SV2131,Le Van S1,8.3
SV2132,Nguyen Van S2,9.8
SV2133,Tran Thi S3,4.19
SV2134,Le Van S4,8.89
SV2135,Nguyen Van S5,5.44
SV2136,Tran Thi S6,6.69
SV2137,Le Van S7,8.83
SV2138,Nguyen Van S8,6.45
SV2139,Tran Thi S9,4.34
SV2140,Le Van S0,5.11
SV2141,Nguyen Van S1,6.74
SV2142,Tran Thi S2,6.69
SV2143,Le Van S3,7.24
SV2144,Nguyen Van S4,4.51
SV2145,Tran Thi S5,5.7
SV2146,Le Van S6,4.98
SV2147,Nguyen Van S7,9.91
SV2148,Tran Thi S8,4.66
SV2149,Le Van S9,6.26
SV2150,Nguyen Van S0,8.74
SV2151,Tran Thi S1,7.73
SV2152,Le Van S2,5.78
SV2153,Nguyen Van S3,4.43
SV2154,Tran Thi S4,5.44
SV2155,Le Van S5,5.66
SV2156,Nguyen Van S6,6.34
SV2157,Tran Thi S7,8.36
SV2158,Le Van S8,8.15
SV2159,Nguyen Van S9,7.6
SV2160,Tran Thi S0,6.15
SV2161,Le Van S1,4.8
SV2162,Nguyen Van S2,7.55
SV2163,Tran Thi S3,6.57
SV2164,Le Van S4,4.36
SV2165,Nguyen Van S5,8.25
SV2166,Tran Thi S6,4.09
SV2167,Le Van S7,6.89
SV2168,Nguyen Van S8,9.55
SV2169,Tran Thi S9,8.03
SV2170,Le Van S0,9.64
SV2171,Nguyen Van S1,8.69
SV2172,Tran Thi S2,5.63
SV2173,Le Van S3,6.62
SV2174,Nguyen Van S4,7.14
SV2175,Tran Thi S5,5.14
SV2176,Le Van S6,6.75
SV2177,Nguyen Van S7,9.02
SV2178,Tran Thi S8,9.42
SV2179,Le Van S9,5.05
SV2180,Nguyen Van S0,4.51
SV2181,Tran Thi S1,7.1
SV2182,Le Van S2,9.12
SV2183,Nguyen Van S3,4.88
SV2184,Tran Thi S4,4.67
SV2185,Le Van S5,6.41
SV2186,Nguyen Van S6,5.58
SV2187,Tran Thi S7,8.65
SV2188,Le Van S8,5.09
SV2189,Nguyen Van S9,5.64
SV2190,Tran Thi S0,4.27
SV2191,Le Van S1,4.52
SV2192,Nguyen Van S2,4.11
SV2193,Tran Thi S3,5.21
SV2194,Le Van S4,5.35
SV2195,Nguyen Van S5,7.63
SV2196,Tran Thi S6,4.7
SV2197,Le Van S7,6.32
SV2198,Nguyen Van S8,4.67
SV2199,Tran Thi S9,6.01
SV2200,Le Van S0,9.43
SV2201,Nguyen Van S1,9.66
SV2202,Tran Thi S2,4.22
SV2203,Le Van S3,8.26
SV2204,Nguyen Van S4,4.28
SV2205,Tran Thi S5,8.96
SV2206,Le Van S6,8.13
SV2207,Nguyen Van S7,6.47
SV2208,Tran Thi S8,6.61
SV2209,Le Van S9,7.65
SV2210,Nguyen Van S0,9.49
SV2211,Tran Thi S1,9.29
SV2212,Le Van S2,9.43
SV2213,Nguyen Van S3,6.35
SV2214,Tran Thi S4,6.12
SV2215,Le Van S5,4.37
SV2216,Nguyen Van S6,7.32
SV2217,Tran Thi S7,6.3
SV2218,Le Van S8,6.13
SV2219,Nguyen Van S9,6.15
SV2220,Tran Thi S0,5.15
SV2221,Le Van S1,9
SV2222,Nguyen Van S2,6.92
SV2223,Tran Thi S3,9.86
SV2224,Le Van S4,5.27
SV2225,Nguyen Van S5,9.73
SV2226,Tran Thi S6,5.36
SV2227,Le Van S7,4.66
SV2228,Nguyen Van S8,8.91
SV2229,Tran Thi S9,8.16
SV2230,Le Van S0,9.46
SV2231,Nguyen Van S1,6.41
SV2232,Tran Thi S2,7.98
SV2233,Le Van S3,8.84
SV2234,Nguyen Van S4,6.97
SV2235,Tran Thi S5,7.09
SV2236,Le Van S6,8.14
SV2237,Nguyen Van S7,5.97
SV2238,Tran Thi S8,7.3
SV2239,Le Van S9,6.6
SV2240,Nguyen Van S0,7.99
SV2241,Tran Thi S1,5.41
SV2242,Le Van S2,8.82
SV2243,Nguyen Van S3,6.77
SV2244,Tran Thi S4,7.06
SV2245,Le Van S5,4.72
SV2246,Nguyen Van S6,4.56
SV2247,Tran Thi S7,4.81
SV2248,Le Van S8,4.09
SV2249,Nguyen Van S9,5.08
SV2250,Tran Thi S0,5.85
SV2251,Le Van S1,8.05
SV2252,Nguyen Van S2,5.22
SV2253,Tran Thi S3,4.1
SV2254,Le Van S4,7.41
SV2255,Nguyen Van S5,5.55
SV2256,Tran Thi S6,7.81
SV2257,Le Van S7,6.31
SV2258,Nguyen Van S8,8.91
SV2259,Tran Thi S9,4.03
SV2260,Le Van S0,8.13
SV2261,Nguyen Van S1,9.99
SV2262,Tran Thi S2,5.64
SV2263,Le Van S3,4.92
SV2264,Nguyen Van S4,4.56
SV2265,Tran Thi S5,8.82
SV2266,Le Van S6,5.45
SV2267,Nguyen Van S7,9.71
SV2268,Tran Thi S8,7
SV2269,Le Van S9,5.3
SV2270,Nguyen Van S0,6.68
SV2271,Tran Thi S1,9.7
SV2272,Le Van S2,9.91
SV2273,Nguyen Van S3,6.39
SV2274,Tran Thi S4,6.23
SV2275,Le Van S5,7.11
SV2276,Nguyen Van S6,5.31
SV2277,Tran Thi S7,8.91
SV2278,Le Van S8,7.42
SV2279,Nguyen Van S9,6.09
SV2280,Tran Thi S0,4.7
SV2281,Le Van S1,6.63
SV2282,Nguyen Van S2,4.22
SV2283,Tran Thi S3,9.09
SV2284,Le Van S4,6.52
SV2285,Nguyen Van S5,9.18
SV2286,Tran Thi S6,9.54
SV2287,Le Van S7,9.15
SV2288,Nguyen Van S8,7.09
SV2289,Tran Thi S9,7.73
SV2290,Le Van S0,9.98
SV2291,Nguyen Van S1,4.43
SV2292,Tran Thi S2,4.2
SV2293,Le Van S3,4.39
SV2294,Nguyen Van S4,4.74
SV2295,Tran Thi S5,5.04
SV2296,Le Van S6,4.56
SV2297,Nguyen Van S7,6.28
SV2298,Tran Thi S8,6.44
SV2299,Le Van S9,4.76
SV2300,Nguyen Van S0,9.01
SV2301,Tran Thi S1,6.89
SV2302,Le Van S2,7.86
SV2303,Nguyen Van S3,6.56
SV2304,Tran Thi S4,4.46
SV2305,Le Van S5,9.58
SV2306,Nguyen Van S6,6.35
SV2307,Tran Thi S7,6.04
SV2308,Le Van S8,4.42
SV2309,Nguyen Van S9,5.04
SV2310,Tran Thi S0,6.03
SV2311,Le Van S1,7.11
SV2312,Nguyen Van S2,9.91
SV2313,Tran Thi S3,4.84
SV2314,Le Van S4,5.22
SV2315,Nguyen Van S5,9.71
SV2316,Tran Thi S6,8.63
SV2317,Le Van S7,8.85
SV2318,Nguyen Van S8,8.23
SV2319,Tran Thi S9,5.12
SV2320,Le Van S0,6.73
SV2321,Nguyen Van S1,6.68
SV2322,Tran Thi S2,4.5
SV2323,Le Van S3,4.36
SV2324,Nguyen Van S4,6.08
SV2325,Tran Thi S5,6.37
SV2326,Le Van S6,6.7
SV2327,Nguyen Van S7,9.38
SV2328,Tran Thi S8,5.48
SV2329,Le Van S9,8.07
SV2330,Nguyen Van S0,9.63
SV2331,Tran Thi S1,5.84
SV2332,Le Van S2,5.6
SV2333,Nguyen Van S3,4.43
SV2334,Tran Thi S4,6.47
SV2335,Le Van S5,5.33
SV2336,Nguyen Van S6,6.26
SV2337,Tran Thi S7,6.01
SV2338,Le Van S8,8.95
SV2339,Nguyen Van S9,5.24
SV2340,Tran Thi S0,9.24
SV2341,Le Van S1,5.04
SV2342,Nguyen Van S2,6.52
SV2343,Tran Thi S3,7.93
SV2344,Le Van S4,8.46
SV2345,Nguyen Van S5,7.05
SV2346,Tran Thi S6,9.29
SV2347,Le Van S7,5.48
SV2348,Nguyen Van S8,7.58
SV2349,Tran Thi S9,8.3
SV2350,Le Van S0,7.44
SV2351,Nguyen Van S1,7.42
SV2352,Tran Thi S2,8.7
SV2353,Le Van S3,9.68
SV2354,Nguyen Van S4,9.17
SV2355,Tran Thi S5,4.73
SV2356,Le Van S6,8.25
SV2357,Nguyen Van S7,6.35
SV2358,Tran Thi S8,4.13
SV2359,Le Van S9,5.13
SV2360,Nguyen Van S0,6.78
SV2361,Tran Thi S1,9.39
SV2362,Le Van S2,5.28
SV2363,Nguyen Van S3,7.05
SV2364,Tran Thi S4,8.14
SV2365,Le Van S5,8.33
SV2366,Nguyen Van S6,8.68
SV2367,Tran Thi S7,8.42
SV2368,Le Van S8,6.01
SV2369,Nguyen Van S9,8.83
SV2370,Tran Thi S0,4.74
SV2371,Le Van S1,4.86
SV2372,Nguyen Van S2,5.03
SV2373,Tran Thi S3,5.15
SV2374,Le Van S4,4.65
SV2375,Nguyen Van S5,8.29
SV2376,Tran Thi S6,9.99
SV2377,Le Van S7,6.11
SV2378,Nguyen Van S8,6.59
SV2379,Tran Thi S9,9.29
SV2380,Le Van S0,5.25
SV2381,Nguyen Van S1,6.28
SV2382,Tran Thi S2,8.34
SV2383,Le Van S3,9.53
SV2384,Nguyen Van S4,9.99
SV2385,Tran Thi S5,8.8
SV2386,Le Van S6,5.21
SV2387,Nguyen Van S7,4.1
SV2388,Tran Thi S8,7.53
SV2389,Le Van S9,8.23
SV2390,Nguyen Van S0,4.07
SV2391,Tran Thi S1,6.48
SV2392,Le Van S2,9.23
SV2393,Nguyen Van S3,8.74
SV2394,Tran Thi S4,6.77
SV2395,Le Van S5,8.46
SV2396,Nguyen Van S6,5.75
SV2397,Tran Thi S7,5.96
SV2398,Le Van S8,9.45
SV2399,Nguyen Van S9,5.39
SV2400,Tran Thi S0,4.69
SV2401,Le Van S1,8.44
SV2402,Nguyen Van S2,7.37
SV2403,Tran Thi S3,6.45
SV2404,Le Van S4,7.15
SV2405,Nguyen Van S5,8.47
SV2406,Tran Thi S6,9.04
SV2407,Le Van S7,8.45
SV2408,Nguyen Van S8,7.61
SV2409,Tran Thi S9,7.42
SV2410,Le Van S0,4.68
SV2411,Nguyen Van S1,9.29
SV2412,Tran Thi S2,8.53
SV2413,Le Van S3,9.43
SV2414,Nguyen Van S4,8.05
SV2415,Tran Thi S5,9.52
SV2416,Le Van S6,4.59
SV2417,Nguyen Van S7,6.43
SV2418,Tran Thi S8,6.67
SV2419,Le Van S9,4.19
SV2420,Nguyen Van S0,6.61
SV2421,Tran Thi S1,6.1
SV2422,Le Van S2,7.39
SV2423,Nguyen Van S3,6.63
SV2424,Tran Thi S4,5.13
SV2425,Le Van S5,9.6
SV2426,Nguyen Van S6,8.63
SV2427,Tran Thi S7,5.1
SV2428,Le Van S8,9.38
SV2429,Nguyen Van S9,4.99
SV2430,Tran Thi S0,8.51
SV2431,Le Van S1,6.37
SV2432,Nguyen Van S2,8.5
SV2433,Tran Thi S3,4.22
SV2434,Le Van S4,6.07
SV2435,Nguyen Van S5,5.67
SV2436,Tran Thi S6,6.06
SV2437,Le Van S7,7.21
SV2438,Nguyen Van S8,9.58
SV2439,Tran Thi S9,6.99
SV2440,Le Van S0,9.13
SV2441,Nguyen Van S1,6.63
SV2442,Tran Thi S2,9.52
SV2443,Le Van S3,7.49
SV2444,Nguyen Van S4,5.5
SV2445,Tran Thi S5,5.04
SV2446,Le Van S6,5.74
SV2447,Nguyen Van S7,7.06
SV2448,Tran Thi S8,4.86
SV2449,Le Van S9,6.59
SV2450,Nguyen Van S0,9.86
SV2451,Tran Thi S1,5.68
SV2452,Le Van S2,8.3
SV2453,Nguyen Van S3,8.71
SV2454,Tran Thi S4,4.28
SV2455,Le Van S5,4.17
SV2456,Nguyen Van S6,6.7
SV2457,Tran Thi S7,9.38
SV2458,Le Van S8,4.62
SV2459,Nguyen Van S9,7.03
SV2460,Tran Thi S0,7.52
SV2461,Le Van S1,4.07
SV2462,Nguyen Van S2,4.27
SV2463,Tran Thi S3,5.21
SV2464,Le Van S4,7
SV2465,Nguyen Van S5,8.93
SV2466,Tran Thi S6,7.35
SV2467,Le Van S7,4.35
SV2468,Nguyen Van S8,6.36
SV2469,Tran Thi S9,6.61
SV2470,Le Van S0,5.72
SV2471,Nguyen Van S1,5.15
SV2472,Tran Thi S2,7.72
SV2473,Le Van S3,8.58
SV2474,Nguyen Van S4,7.86
SV2475,Tran Thi S5,5.34
SV2476,Le Van S6,9.72
SV2477,Nguyen Van S7,7.07
SV2478,Tran Thi S8,5.46
SV2479,Le Van S9,8.26
SV2480,Nguyen Van S0,9.82
SV2481,Tran Thi S1,6.42
SV2482,Le Van S2,6.94
SV2483,Nguyen Van S3,8.9
SV2484,Tran Thi S4,5.34
SV2485,Le Van S5,7.63
SV2486,Nguyen Van S6,9.56
SV2487,Tran Thi S7,4.6
SV2488,Le Van S8,7.94
SV2489,Nguyen Van S9,4.28
SV2490,Tran Thi S0,8.53
SV2491,Le Van S1,9.12
SV2492,Nguyen Van S2,6.37
SV2493,Tran Thi S3,5.6
SV2494,Le Van S4,9.16
SV2495,Nguyen Van S5,8.21
SV2496,Tran Thi S6,6.18
SV2497,Le Van S7,4.95
SV2498,Nguyen Van S8,4.39
SV2499,Tran Thi S9,6.97
SV2500,Le Van S0,7.92
SV2501,Nguyen Van S1,4.02
SV2502,Tran Thi S2,5.27
SV2503,Le Van S3,7.02
SV2504,Nguyen Van S4,7.06
SV2505,Tran Thi S5,4.95
SV2506,Le Van S6,9.28
SV2507,Nguyen Van S7,5.65
SV2508,Tran Thi S8,7.46
SV2509,Le Van S9,9.11
SV2510,Nguyen Van S0,6.66
SV2511,Tran Thi S1,6.47
SV2512,Le Van S2,7.65
SV2513,Nguyen Van S3,4.34
SV2514,Tran Thi S4,4.32
SV2515,Le Van S5,4.26
SV2516,Nguyen Van S6,5.07
SV2517,Tran Thi S7,4.07
SV2518,Le Van S8,8.46
SV2519,Nguyen Van S9,5.28
SV2520,Tran Thi S0,5.9
SV2521,Le Van S1,6.07
SV2522,Nguyen Van S2,5.14
SV2523,Tran Thi S3,7.57
SV2524,Le Van S4,6.99
SV2525,Nguyen Van S5,8.55
SV2526,Tran Thi S6,6.6
SV2527,Le Van S7,8.74
SV2528,Nguyen Van S8,7.99
SV2529,Tran Thi S9,8.96
SV2530,Le Van S0,9.09
SV2531,Nguyen Van S1,7.31
SV2532,Tran Thi S2,9.07
SV2533,Le Van S3,6.7
SV2534,Nguyen Van S4,4.82
SV2535,Tran Thi S5,6.11
SV2536,Le Van S6,7.22
SV2537,Nguyen Van S7,9.73
SV2538,Tran Thi S8,7.63
SV2539,Le Van S9,8.81
SV2540,Nguyen Van S0,6.52
SV2541,Tran Thi S1,9.2
SV2542,Le Van S2,6.98
SV2543,Nguyen Van S3,8.58
SV2544,Tran Thi S4,6.84
SV2545,Le Van S5,5.1
SV2546,Nguyen Van S6,5.47
SV2547,Tran Thi S7,8.56
SV2548,Le Van S8,6.63
SV2549,Nguyen Van S9,4.41
SV2550,Tran Thi S0,8.47
SV2551,Le Van S1,4.98
SV2552,Nguyen Van S2,4.03
SV2553,Tran Thi S3,7.4
SV2554,Le Van S4,5.36
SV2555,Nguyen Van S5,8.48
SV2556,Tran Thi S6,6.77
SV2557,Le Van S7,4.84
SV2558,Nguyen Van S8,4.01
SV2559,Tran Thi S9,4.87
SV2560,Le Van S0,6.93
SV2561,Nguyen Van S1,5.45
SV2562,Tran Thi S2,7.67
SV2563,Le Van S3,6.84
SV2564,Nguyen Van S4,8.37
SV2565,Tran Thi S5,6.98
SV2566,Le Van S6,7.52
SV2567,Nguyen Van S7,9.58
SV2568,Tran Thi S8,5.3
SV2569,Le Van S9,5.63
SV2570,Nguyen Van S0,5.58
SV2571,Tran Thi S1,6.1
SV2572,Le Van S2,4.6
SV2573,Nguyen Van S3,4.83
SV2574,Tran Thi S4,7.15
SV2575,Le Van S5,8.93
SV2576,Nguyen Van S6,9.54
SV2577,Tran Thi S7,5.22
SV2578,Le Van S8,9.07
SV2579,Nguyen Van S9,8.64
SV2580,Tran Thi S0,9.39
SV2581,Le Van S1,4.29
SV2582,Nguyen Van S2,6
SV2583,Tran Thi S3,5.32
SV2584,Le Van S4,9.72
SV2585,Nguyen Van S5,8.36
SV2586,Tran Thi S6,5.69
SV2587,Le Van S7,9.75
SV2588,Nguyen Van S8,5.87
SV2589,Tran Thi S9,5.35
SV2590,Le Van S0,4.33
SV2591,Nguyen Van S1,6.96
SV2592,Tran Thi S2,8.03
SV2593,Le Van S3,4.51
SV2594,Nguyen Van S4,7.07
SV2595,Tran Thi S5,9.21
SV2596,Le Van S6,7.99
SV2597,Nguyen Van S7,9.03
SV2598,Tran Thi S8,8.16
SV2599,Le Van S9,7.32
SV2600,Nguyen Van S0,9.96
SV2601,Tran Thi S1,8.01
SV2602,Le Van S2,4.21
SV2603,Nguyen Van S3,4.26
SV2604,Tran Thi S4,6.81
SV2605,Le Van S5,4.19
SV2606,Nguyen Van S6,6.8
SV2607,Tran Thi S7,6.64
SV2608,Le Van S8,9.43
SV2609,Nguyen Van S9,8.82
SV2610,Tran Thi S0,8.36
SV2611,Le Van S1,6.35
SV2612,Nguyen Van S2,6.82
SV2613,Tran Thi S3,4.73
SV2614,Le Van S4,5.13
SV2615,Nguyen Van S5,8.6
SV2616,Tran Thi S6,6.91
SV2617,Le Van S7,8.5
SV2618,Nguyen Van S8,8.74
SV2619,Tran Thi S9,4.66
SV2620,Le Van S0,4.08
SV2621,Nguyen Van S1,8.75
SV2622,Tran Thi S2,7.58
SV2623,Le Van S3,4.24
SV2624,Nguyen Van S4,7.66
SV2625,Tran Thi S5,9.59
SV2626,Le Van S6,5.81
SV2627,Nguyen Van S7,7.12
SV2628,Tran Thi S8,8.63
SV2629,Le Van S9,5.81
SV2630,Nguyen Van S0,4.46
SV2631,Tran Thi S1,8.79
SV2632,Le Van S2,6.22
SV2633,Nguyen Van S3,9.64
SV2634,Tran Thi S4,4.28
SV2635,Le Van S5,5.35
SV2636,Nguyen Van S6,4.88
SV2637,Tran Thi S7,6.63
SV2638,Le Van S8,8.61
SV2639,Nguyen Van S9,6.85
SV2640,Tran Thi S0,7.71
SV2641,Le Van S1,9.46
SV2642,Nguyen Van S2,9.22
SV2643,Tran Thi S3,4.22
SV2644,Le Van S4,5.83
SV2645,Nguyen Van S5,6.19
SV2646,Tran Thi S6,4.46
SV2647,Le Van S7,7.92
SV2648,Nguyen Van S8,8.18
SV2649,Tran Thi S9,6.75
SV2650,Le Van S0,9.81
SV2651,Nguyen Van S1,8.57
SV2652,Tran Thi S2,5.09
SV2653,Le Van S3,5.42
SV2654,Nguyen Van S4,9.48
SV2655,Tran Thi S5,7.58
SV2656,Le Van S6,9.35
SV2657,Nguyen Van S7,7.89
SV2658,Tran Thi S8,9.24
SV2659,Le Van S9,5.51
SV2660,Nguyen Van S0,6.93
SV2661,Tran Thi S1,4.84
SV2662,Le Van S2,7.5
SV2663,Nguyen Van S3,8.01
SV2664,Tran Thi S4,7.75
SV2665,Le Van S5,9.61
SV2666,Nguyen Van S6,5.01
SV2667,Tran Thi S7,7.31
SV2668,Le Van S8,4.04
SV2669,Nguyen Van S9,8.95
SV2670,Tran Thi S0,8.74
SV2671,Le Van S1,7.61
SV2672,Nguyen Van S2,4.28
SV2673,Tran Thi S3,7.1
SV2674,Le Van S4,8.21
SV2675,Nguyen Van S5,6.94
SV2676,Tran Thi S6,5.78
SV2677,Le Van S7,9.7
SV2678,Nguyen Van S8,8.33
SV2679,Tran Thi S9,8.31
SV2680,Le Van S0,6.41
SV2681,Nguyen Van S1,4.44
SV2682,Tran Thi S2,9.09
SV2683,Le Van S3,7.65
SV2684,Nguyen Van S4,6.53
SV2685,Tran Thi S5,9.99
SV2686,Le Van S6,9.82
SV2687,Nguyen Van S7,4.25
SV2688,Tran Thi S8,6.26
SV2689,Le Van S9,4.22
SV2690,Nguyen Van S0,6.77
SV2691,Tran Thi S1,9.92
SV2692,Le Van S2,7.98
SV2693,Nguyen Van S3,4.93
SV2694,Tran Thi S4,7.8
SV2695,Le Van S5,5.64
SV2696,Nguyen Van S6,7.97
SV2697,Tran Thi S7,9.53
SV2698,Le Van S8,6.25
SV2699,Nguyen Van S9,9.38
SV2700,Tran Thi S0,5.09
SV2701,Le Van S1,8.63
SV2702,Nguyen Van S2,8.65
SV2703,Tran Thi S3,8.85
SV2704,Le Van S4,9.1
SV2705,Nguyen Van S5,6.29
SV2706,Tran Thi S6,4.19
SV2707,Le Van S7,5.65
SV2708,Nguyen Van S8,7.61
SV2709,Tran Thi S9,7.5
SV2710,Le Van S0,4.37
SV2711,Nguyen Van S1,7.05
SV2712,Tran Thi S2,7.39
SV2713,Le Van S3,7.12
SV2714,Nguyen Van S4,7.02
SV2715,Tran Thi S5,5.29
SV2716,Le Van S6,6.83
SV2717,Nguyen Van S7,4.95
SV2718,Tran Thi S8,5.88
SV2719,Le Van S9,7.56
SV2720,Nguyen Van S0,5.29
SV2721,Tran Thi S1,5.19
SV2722,Le Van S2,8.32
SV2723,Nguyen Van S3,9.27
SV2724,Tran Thi S4,7.56
SV2725,Le Van S5,7
SV2726,Nguyen Van S6,9.82
SV2727,Tran Thi S7,6.04
SV2728,Le Van S8,5.93
SV2729,Nguyen Van S9,4.48
SV2730,Tran Thi S0,7.1
SV2731,Le Van S1,7.47
SV2732,Nguyen Van S2,9.48
SV2733,Tran Thi S3,9.13
SV2734,Le Van S4,7.61
SV2735,Nguyen Van S5,8.13
SV2736,Tran Thi S6,4.48
SV2737,Le Van S7,5.19
SV2738,Nguyen Van S8,6.82
SV2739,Tran Thi S9,7.09
SV2740,Le Van S0,5.93
SV2741,Nguyen Van S1,8.67
SV2742,Tran Thi S2,6.55
SV2743,Le Van S3,9.17
SV2744,Nguyen Van S4,4.48
SV2745,Tran Thi S5,6.67
SV2746,Le Van S6,5.86
SV2747,Nguyen Van S7,6.71
SV2748,Tran Thi S8,9.26
SV2749,Le Van S9,5.07
SV2750,Nguyen Van S0,8.95
SV2751,Tran Thi S1,5.19
SV2752,Le Van S2,4.65
SV2753,Nguyen Van S3,7.69
SV2754,Tran Thi S4,9.82
SV2755,Le Van S5,4.53
SV2756,Nguyen Van S6,9.01
SV2757,Tran Thi S7,4.84
SV2758,Le Van S8,7.93
SV2759,Nguyen Van S9,4.88
SV2760,Tran Thi S0,7.37
SV2761,Le Van S1,7.59
SV2762,Nguyen Van S2,9.54
SV2763,Tran Thi S3,6.64
SV2764,Le Van S4,6.37
SV2765,Nguyen Van S5,7.1
SV2766,Tran Thi S6,8.45
SV2767,Le Van S7,6.23
SV2768,Nguyen Van S8,6.56
SV2769,Tran Thi S9,4.86
SV2770,Le Van S0,7.6
SV2771,Nguyen Van S1,8.1
SV2772,Tran Thi S2,8.45
SV2773,Le Van S3,7.25
SV2774,Nguyen Van S4,5.92
SV2775,Tran Thi S5,6.35
SV2776,Le Van S6,6.08
SV2777,Nguyen Van S7,5.53
SV2778,Tran Thi S8,7.95
SV2779,Le Van S9,5.36
SV2780,Nguyen Van S0,8.19
SV2781,Tran Thi S1,7.75
SV2782,Le Van S2,9.64
SV2783,Nguyen Van S3,4.42
SV2784,Tran Thi S4,5
SV2785,Le Van S5,4.66
SV2786,Nguyen Van S6,9.08
SV2787,Tran Thi S7,9.69
SV2788,Le Van S8,6.11
SV2789,Nguyen Van S9,9.38
SV2790,Tran Thi S0,6.96
SV2791,Le Van S1,4.52
SV2792,Nguyen Van S2,7.4
SV2793,Tran Thi S3,9.69
SV2794,Le Van S4,9.29
SV2795,Nguyen Van S5,7.83
SV2796,Tran Thi S6,9.57
SV2797,Le Van S7,8.58
SV2798,Nguyen Van S8,5.61
SV2799,Tran Thi S9,4.44
SV2800,Le Van S0,5.04
SV2801,Nguyen Van S1,7.17
SV2802,Tran Thi S2,7.47
SV2803,Le Van S3,4.15
SV2804,Nguyen Van S4,5.98
SV2805,Tran Thi S5,8.95
SV2806,Le Van S6,7.5
SV2807,Nguyen Van S7,5.65
SV2808,Tran Thi S8,7.21
SV2809,Le Van S9,7.74
SV2810,Nguyen Van S0,9.27
SV2811,Tran Thi S1,9.51
SV2812,Le Van S2,9.75
SV2813,Nguyen Van S3,6.77
SV2814,Tran Thi S4,4.62
SV2815,Le Van S5,6.57
SV2816,Nguyen Van S6,6.35
SV2817,Tran Thi S7,6.69
SV2818,Le Van S8,5.44
SV2819,Nguyen Van S9,4.14
SV2820,Tran Thi S0,9.27
SV2821,Le Van S1,9.49
SV2822,Nguyen Van S2,8.48
SV2823,Tran Thi S3,8.35
SV2824,Le Van S4,6.59
SV2825,Nguyen Van S5,7.98
SV2826,Tran Thi S6,9.93
SV2827,Le Van S7,7.11
SV2828,Nguyen Van S8,5.1
SV2829,Tran Thi S9,4.76
SV2830,Le Van S0,8.27
SV2831,Nguyen Van S1,4.97
SV2832,Tran Thi S2,9.98
SV2833,Le Van S3,6.66
SV2834,Nguyen Van S4,5.52
SV2835,Tran Thi S5,6.93
SV2836,Le Van S6,7.52
SV2837,Nguyen Van S7,4.35
SV2838,Tran Thi S8,9.32
SV2839,Le Van S9,9.21
SV2840,Nguyen Van S0,8.4
SV2841,Tran Thi S1,8.91
SV2842,Le Van S2,6.12
SV2843,Nguyen Van S3,8.01
SV2844,Tran Thi S4,9.76
SV2845,Le Van S5,5.05
SV2846,Nguyen Van S6,5.16
SV2847,Tran Thi S7,7.9
SV2848,Le Van S8,5.15
SV2849,Nguyen Van S9,6.49
SV2850,Tran Thi S0,9.59
SV2851,Le Van S1,5.57
SV2852,Nguyen Van S2,6.42
SV2853,Tran Thi S3,5.82
SV2854,Le Van S4,7.09
SV2855,Nguyen Van S5,5.32
SV2856,Tran Thi S6,9.7
SV2857,Le Van S7,5.45
SV2858,Nguyen Van S8,7.14
SV2859,Tran Thi S9,7.57
SV2860,Le Van S0,8.57
SV2861,Nguyen Van S1,7.47
SV2862,Tran Thi S2,6.39
SV2863,Le Van S3,6.3
SV2864,Nguyen Van S4,6.92
SV2865,Tran Thi S5,5.84
SV2866,Le Van S6,5.74
SV2867,Nguyen Van S7,5.68
SV2868,Tran Thi S8,8.31
SV2869,Le Van S9,9.2
SV2870,Nguyen Van S0,8.68
SV2871,Tran Thi S1,7.73
SV2872,Le Van S2,6.69
SV2873,Nguyen Van S3,5.73
SV2874,Tran Thi S4,6.34
SV2875,Le Van S5,4.58
SV2876,Nguyen Van S6,9.54
SV2877,Tran Thi S7,8.81
SV2878,Le Van S8,8.31
SV2879,Nguyen Van S9,4.35
SV2880,Tran Thi S0,5.98
SV2881,Le Van S1,8
SV2882,Nguyen Van S2,6.14
SV2883,Tran Thi S3,7.99
SV2884,Le Van S4,8.47
SV2885,Nguyen Van S5,9.29
SV2886,Tran Thi S6,7.52
SV2887,Le Van S7,4.65
SV2888,Nguyen Van S8,7.58
SV2889,Tran Thi S9,8.46
SV2890,Le Van S0,6.78
SV2891,Nguyen Van S1,6.69
SV2892,Tran Thi S2,6.59
SV2893,Le Van S3,9.6
SV2894,Nguyen Van S4,8.52
SV2895,Tran Thi S5,9.8
SV2896,Le Van S6,5.74
SV2897,Nguyen Van S7,9.42
SV2898,Tran Thi S8,6.29
SV2899,Le Van S9,4.22
SV2900,Nguyen Van S0,4.04
SV2901,Tran Thi S1,9.98
SV2902,Le Van S2,7.89
SV2903,Nguyen Van S3,7.49
SV2904,Tran Thi S4,8.06
SV2905,Le Van S5,5.52
SV2906,Nguyen Van S6,8.2
SV2907,Tran Thi S7,4.36
SV2908,Le Van S8,5.14
SV2909,Nguyen Van S9,8.11
SV2910,Tran Thi S0,4.59
SV2911,Le Van S1,8.48
SV2912,Nguyen Van S2,5.39
SV2913,Tran Thi S3,8.43
SV2914,Le Van S4,6.32
SV2915,Nguyen Van S5,8.25
SV2916,Tran Thi S6,8.57
SV2917,Le Van S7,7.1
SV2918,Nguyen Van S8,9.7
SV2919,Tran Thi S9,4.8
SV2920,Le Van S0,4.14
SV2921,Nguyen Van S1,9.02
SV2922,Tran Thi S2,7.22
SV2923,Le Van S3,9.5
SV2924,Nguyen Van S4,7.78
SV2925,Tran Thi S5,6.7
SV2926,Le Van S6,4
SV2927,Nguyen Van S7,4.69
SV2928,Tran Thi S8,7.14
SV2929,Le Van S9,7.08
SV2930,Nguyen Van S0,8.67
SV2931,Tran Thi S1,5.39
SV2932,Le Van S2,5.1
SV2933,Nguyen Van S3,7.71
SV2934,Tran Thi S4,5.93
SV2935,Le Van S5,4.49
SV2936,Nguyen Van S6,8.42
SV2937,Tran Thi S7,7.71
SV2938,Le Van S8,9.71
SV2939,Nguyen Van S9,4.56
SV2940,Tran Thi S0,9.87
SV2941,Le Van S1,7.09
SV2942,Nguyen Van S2,4.89
SV2943,Tran Thi S3,7.54
SV2944,Le Van S4,8.89
SV2945,Nguyen Van S5,6.65
SV2946,Tran Thi S6,8.65
SV2947,Le Van S7,7.01
SV2948,Nguyen Van S8,7.83
SV2949,Tran Thi S9,7.86
SV2950,Le Van S0,4.92
SV2951,Nguyen Van S1,7.02
SV2952,Tran Thi S2,7.73
SV2953,Le Van S3,6.46
SV2954,Nguyen Van S4,6.08
SV2955,Tran Thi S5,5.34
SV2956,Le Van S6,4.49
SV2957,Nguyen Van S7,4.7
SV2958,Tran Thi S8,6.99
SV2959,Le Van S9,6.4
SV2960,Nguyen Van S0,5.35
SV2961,Tran Thi S1,8.56
SV2962,Le Van S2,9.65
SV2963,Nguyen Van S3,6.56
SV2964,Tran Thi S4,6.92
SV2965,Le Van S5,6.57
SV2966,Nguyen Van S6,4.95
SV2967,Tran Thi S7,4.08
SV2968,Le Van S8,5.99
SV2969,Nguyen Van S9,6.02
SV2970,Tran Thi S0,6.94
SV2971,Le Van S1,6.89
SV2972,Nguyen Van S2,6.02
SV2973,Tran Thi S3,8.17
SV2974,Le Van S4,9.81
SV2975,Nguyen Van S5,6.19
SV2976,Tran Thi S6,8.53
SV2977,Le Van S7,7.01
SV2978,Nguyen Van S8,8.6
SV2979,Tran Thi S9,7.28
SV2980,Le Van S0,6.3
SV2981,Nguyen Van S1,8.3
SV2982,Tran Thi S2,8.62
SV2983,Le Van S3,7.05
SV2984,Nguyen Van S4,5.99
SV2985,Tran Thi S5,9.17
SV2986,Le Van S6,5.63
SV2987,Nguyen Van S7,9.25
SV2988,Tran Thi S8,8.73
SV2989,Le Van S9,5.37
SV2990,Nguyen Van S0,4.23
SV2991,Tran Thi S1,7.17
SV2992,Le Van S2,5.11
SV2993,Nguyen Van S3,4.36
SV2994,Tran Thi S4,9.96
SV2995,Le Van S5,9.86
SV2996,Nguyen Van S6,5.7
SV2997,Tran Thi S7,8.13
SV2998,Le Van S8,5.38
SV2999,Nguyen Van S9,9.65
SV3000,Tran Thi S0,4.53
SV3001,Le Van S1,7.5
SV3002,Nguyen Van S2,9.78
SV3003,Tran Thi S3,4.54
SV3004,Le Van S4,8.59
SV3005,Nguyen Van S5,9.7
SV3006,Tran Thi S6,4.98
SV3007,Le Van S7,8
SV3008,Nguyen Van S8,4.2
SV3009,Tran Thi S9,7.18
SV3010,Le Van S0,7.94
SV3011,Nguyen Van S1,4.94
SV3012,Tran Thi S2,6.54
SV3013,Le Van S3,8.81
SV3014,Nguyen Van S4,8.24
SV3015,Tran Thi S5,9.04
SV3016,Le Van S6,5.58
SV3017,Nguyen Van S7,6.28
SV3018,Tran Thi S8,5.88
SV3019,Le Van S9,9.17
SV3020,Nguyen Van S0,8.14
SV3021,Tran Thi S1,7.74
SV3022,Le Van S2,4.54
SV3023,Nguyen Van S3,4.59
SV3024,Tran Thi S4,9.31
SV3025,Le Van S5,8.36
SV3026,Nguyen Van S6,5.35
SV3027,Tran Thi S7,5.32
SV3028,Le Van S8,5.05
SV3029,Nguyen Van S9,8.33
SV3030,Tran Thi S0,6.57
SV3031,Le Van S1,5.93
SV3032,Nguyen Van S2,9.89
SV3033,Tran Thi S3,8.28
SV3034,Le Van S4,8.83
SV3035,Nguyen Van S5,6.44
SV3036,Tran Thi S6,7.51
SV3037,Le Van S7,5.17
SV3038,Nguyen Van S8,5.95
SV3039,Tran Thi S9,4.65
SV3040,Le Van S0,9.97
SV3041,Nguyen Van S1,4.93
SV3042,Tran Thi S2,4.94
SV3043,Le Van S3,9.44
SV3044,Nguyen Van S4,8.17
SV3045,Tran Thi S5,5.99
SV3046,Le Van S6,9.89
SV3047,Nguyen Van S7,4.91
SV3048,Tran Thi S8,9.78
SV3049,Le Van S9,5.81
SV3050,Nguyen Van S0,5.13
SV3051,Tran Thi S1,7.03
SV3052,Le Van S2,6.52
SV3053,Nguyen Van S3,4.73
SV3054,Tran Thi S4,9.12
SV3055,Le Van S5,5.89
SV3056,Nguyen Van S6,8.29
SV3057,Tran Thi S7,8.18
SV3058,Le Van S8,6.99
SV3059,Nguyen Van S9,9.64
SV3060,Tran Thi S0,6.77
SV3061,Le Van S1,6.12
SV3062,Nguyen Van S2,6.35
SV3063,Tran Thi S3,9.47
SV3064,Le Van S4,9.78
SV3065,Nguyen Van S5,7.75
SV3066,Tran Thi S6,7.08
SV3067,Le Van S7,4.84
SV3068,Nguyen Van S8,8.09
SV3069,Tran Thi S9,5.26
SV3070,Le Van S0,4.34
SV3071,Nguyen Van S1,8.26
SV3072,Tran Thi S2,6.1
SV3073,Le Van S3,5.36
SV3074,Nguyen Van S4,9.39
SV3075,Tran Thi S5,8.16
SV3076,Le Van S6,8.78
SV3077,Nguyen Van S7,5.92
SV3078,Tran Thi S8,9.71
SV3079,Le Van S9,4.72
SV3080,Nguyen Van S0,7.32
SV3081,Tran Thi S1,5.03
SV3082,Le Van S2,5.32
SV3083,Nguyen Van S3,7.63
SV3084,Tran Thi S4,4.72
SV3085,Le Van S5,5.8
SV3086,Nguyen Van S6,6.05
SV3087,Tran Thi S7,5.16
SV3088,Le Van S8,9.96
SV3089,Nguyen Van S9,8.63
SV3090,Tran Thi S0,8.47
SV3091,Le Van S1,9.63
SV3092,Nguyen Van S2,9.88
SV3093,Tran Thi S3,7.54
SV3094,Le Van S4,7.82
SV3095,Nguyen Van S5,4.72
SV3096,Tran Thi S6,9.25
SV3097,Le Van S7,9.19
SV3098,Nguyen Van S8,8.81
SV3099,Tran Thi S9,5.17
SV3100,Le Van S0,5.74
SV3101,Nguyen Van S1,8.09
SV3102,Tran Thi S2,5.55
SV3103,Le Van S3,5.91
SV3104,Nguyen Van S4,6.13
SV3105,Tran Thi S5,5.34
SV3106,Le Van S6,8.34
SV3107,Nguyen Van S7,5.03
SV3108,Tran Thi S8,8.05
SV3109,Le Van S9,8.44
SV3110,Nguyen Van S0,5.99
SV3111,Tran Thi S1,4.46
SV3112,Le Van S2,6.97
SV3113,Nguyen Van S3,4.58
SV3114,Tran Thi S4,4.08
SV3115,Le Van S5,8.3
SV3116,Nguyen Van S6,5.59
SV3117,Tran Thi S7,5.58
SV3118,Le Van S8,6.11
SV3119,Nguyen Van S9,4.58
SV3120,Tran Thi S0,7.46
SV3121,Le Van S1,7.2
SV3122,Nguyen Van S2,5.37
SV3123,Tran Thi S3,8.07
SV3124,Le Van S4,6.3
SV3125,Nguyen Van S5,7.94
SV3126,Tran Thi S6,4.01
SV3127,Le Van S7,8.93
SV3128,Nguyen Van S8,9.62
SV3129,Tran Thi S9,5.52
SV3130,Le Van S0,9.09
SV3131,Nguyen Van S1,4.92
SV3132,Tran Thi S2,7.66
SV3133,Le Van S3,7.19
SV3134,Nguyen Van S4,9.8
SV3135,Tran Thi S5,5.33
SV3136,Le Van S6,5.37
SV3137,Nguyen Van S7,8.07
SV3138,Tran Thi S8,6.1
SV3139,Le Van S9,9.37
SV3140,Nguyen Van S0,6.97
SV3141,Tran Thi S1,4.82
SV3142,Le Van S2,5.07
SV3143,Nguyen Van S3,5.66
SV3144,Tran Thi S4,4.69
SV3145,Le Van S5,9.53
SV3146,Nguyen Van S6,9.52
SV3147,Tran Thi S7,4.42
SV3148,Le Van S8,4.83
SV3149,Nguyen Van S9,5.15
SV3150,Tran Thi S0,6.67
SV3151,Le Van S1,6.52
SV3152,Nguyen Van S2,9.67
SV3153,Tran Thi S3,4.55
SV3154,Le Van S4,4.25
SV3155,Nguyen Van S5,8.22
SV3156,Tran Thi S6,4.2
SV3157,Le Van S7,5.19
SV3158,Nguyen Van S8,6.54
SV3159,Tran Thi S9,7.38
SV3160,Le Van S0,5.34
SV3161,Nguyen Van S1,5.3
SV3162,Tran Thi S2,8.17
SV3163,Le Van S3,6.18
SV3164,Nguyen Van S4,7.35
SV3165,Tran Thi S5,4.03
SV3166,Le Van S6,5.74
SV3167,Nguyen Van S7,9.7
SV3168,Tran Thi S8,7.79
SV3169,Le Van S9,7.05
SV3170,Nguyen Van S0,5.41
SV3171,Tran Thi S1,4.22
SV3172,Le Van S2,8.96
SV3173,Nguyen Van S3,4.79
SV3174,Tran Thi S4,5.56
SV3175,Le Van S5,5.46
SV3176,Nguyen Van S6,6.06
SV3177,Tran Thi S7,8.92
SV3178,Le Van S8,6.09
SV3179,Nguyen Van S9,7.85
SV3180,Tran Thi S0,6.75
SV3181,Le Van S1,6.85
SV3182,Nguyen Van S2,6.68
SV3183,Tran Thi S3,9.49
SV3184,Le Van S4,6.66
SV3185,Nguyen Van S5,6.41
SV3186,Tran Thi S6,4.49
SV3187,Le Van S7,4.03
SV3188,Nguyen Van S8,4.99
SV3189,Tran Thi S9,4.44
SV3190,Le Van S0,6.95
SV3191,Nguyen Van S1,5.92
SV3192,Tran Thi S2,5.66
SV3193,Le Van S3,8.07
SV3194,Nguyen Van S4,4.54
SV3195,Tran Thi S5,8.39
SV3196,Le Van S6,7.91
SV3197,Nguyen Van S7,7.37
SV3198,Tran Thi S8,7.3
SV3199,Le Van S9,8.53
SV3200,Nguyen Van S0,4.79
SV3201,Tran Thi S1,5.41
SV3202,Le Van S2,6.16
SV3203,Nguyen Van S3,4.77
SV3204,Tran Thi S4,5.29
SV3205,Le Van S5,9.55
SV3206,Nguyen Van S6,9.69
SV3207,Tran Thi S7,8.88
SV3208,Le Van S8,5.02
SV3209,Nguyen Van S9,6
SV3210,Tran Thi S0,4.68
SV3211,Le Van S1,7.72
SV3212,Nguyen Van S2,4.3
SV3213,Tran Thi S3,8.42
SV3214,Le Van S4,5.11
SV3215,Nguyen Van S5,9.09
SV3216,Tran Thi S6,9.31
SV3217,Le Van S7,7.61
SV3218,Nguyen Van S8,5.27
SV3219,Tran Thi S9,7.56
SV3220,Le Van S0,8.98
SV3221,Nguyen Van S1,4.07
SV3222,Tran Thi S2,8.44
SV3223,Le Van S3,4.52
SV3224,Nguyen Van S4,4.14
SV3225,Tran Thi S5,9.69
SV3226,Le Van S6,8.07
SV3227,Nguyen Van S7,6.32
SV3228,Tran Thi S8,7.43
SV3229,Le Van S9,8.7
SV3230,Nguyen Van S0,7.39
SV3231,Tran Thi S1,4.58
SV3232,Le Van S2,7.95
SV3233,Nguyen Van S3,7.5
SV3234,Tran Thi S4,4.05
SV3235,Le Van S5,9.17
SV3236,Nguyen Van S6,6.84
SV3237,Tran Thi S7,5.27
SV3238,Le Van S8,4.18
SV3239,Nguyen Van S9,8.09
SV3240,Tran Thi S0,6.56
SV3241,Le Van S1,8.63
SV3242,Nguyen Van S2,8.26
SV3243,Tran Thi S3,4.14
SV3244,Le Van S4,5.22
SV3245,Nguyen Van S5,9.2
SV3246,Tran Thi S6,9.23
SV3247,Le Van S7,4.21
SV3248,Nguyen Van S8,4.62
SV3249,Tran Thi S9,4.59
SV3250,Le Van S0,5.85
SV3251,Nguyen Van S1,4.83
SV3252,Tran Thi S2,6.62
SV3253,Le Van S3,9.19
SV3254,Nguyen Van S4,4.02
SV3255,Tran Thi S5,4.85
SV3256,Le Van S6,5.05
SV3257,Nguyen Van S7,5.95
SV3258,Tran Thi S8,9.01
SV3259,Le Van S9,5.92
SV3260,Nguyen Van S0,7.56
SV3261,Tran Thi S1,9.69
SV3262,Le Van S2,8.78
SV3263,Nguyen Van S3,6.67
SV3264,Tran Thi S4,4.46
SV3265,Le Van S5,6.69
SV3266,Nguyen Van S6,5.56
SV3267,Tran Thi S7,8.69
SV3268,Le Van S8,8.93
SV3269,Nguyen Van S9,8.03
SV3270,Tran Thi S0,7.98
SV3271,Le Van S1,6.81
SV3272,Nguyen Van S2,9.68
SV3273,Tran Thi S3,9.85
SV3274,Le Van S4,9.02
SV3275,Nguyen Van S5,4.37
SV3276,Tran Thi S6,9.12
SV3277,Le Van S7,7.78
SV3278,Nguyen Van S8,9.52
SV3279,Tran Thi S9,9.1
SV3280,Le Van S0,7.38
SV3281,Nguyen Van S1,7.06
SV3282,Tran Thi S2,6.26
SV3283,Le Van S3,5.99
SV3284,Nguyen Van S4,5.68
SV3285,Tran Thi S5,7.51
SV3286,Le Van S6,4.16
SV3287,Nguyen Van S7,5.57
SV3288,Tran Thi S8,9.4
SV3289,Le Van S9,9.1
SV3290,Nguyen Van S0,6.08
SV3291,Tran Thi S1,9.06
SV3292,Le Van S2,6.02
SV3293,Nguyen Van S3,6.8
SV3294,Tran Thi S4,4.42
SV3295,Le Van S5,6.94
SV3296,Nguyen Van S6,6.15
SV3297,Tran Thi S7,9.86
SV3298,Le Van S8,4.44
SV3299,Nguyen Van S9,5.28
SV3300,Tran Thi S0,9.03
SV3301,Le Van S1,9.99
SV3302,Nguyen Van S2,5.05
SV3303,Tran Thi S3,6.88
SV3304,Le Van S4,4.97
SV3305,Nguyen Van S5,4.11
SV3306,Tran Thi S6,8.04
SV3307,Le Van S7,5.2
SV3308,Nguyen Van S8,5.3
SV3309,Tran Thi S9,4.83
SV3310,Le Van S0,9.97
SV3311,Nguyen Van S1,4.45
SV3312,Tran Thi S2,4.22
SV3313,Le Van S3,7.61
SV3314,Nguyen Van S4,7.9
SV3315,Tran Thi S5,8
SV3316,Le Van S6,5.66
SV3317,Nguyen Van S7,8.83
SV3318,Tran Thi S8,6.32
SV3319,Le Van S9,8.79
SV3320,Nguyen Van S0,7.35
SV3321,Tran Thi S1,7.15
SV3322,Le Van S2,4.81
SV3323,Nguyen Van S3,7.51
SV3324,Tran Thi S4,8.15
SV3325,Le Van S5,5.22
SV3326,Nguyen Van S6,6.17
SV3327,Tran Thi S7,9.91
SV3328,Le Van S8,9.93
SV3329,Nguyen Van S9,7.29
SV3330,Tran Thi S0,8.22
SV3331,Le Van S1,4.18
SV3332,Nguyen Van S2,9.43
SV3333,Tran Thi S3,8.49
SV3334,Le Van S4,6.58
SV3335,Nguyen Van S5,9.42
SV3336,Tran Thi S6,4.86
SV3337,Le Van S7,9.28
SV3338,Nguyen Van S8,6.49
SV3339,Tran Thi S9,8.8
SV3340,Le Van S0,6.41
SV3341,Nguyen Van S1,9.77
SV3342,Tran Thi S2,8.08
SV3343,Le Van S3,8.49
SV3344,Nguyen Van S4,4.26
SV3345,Tran Thi S5,5.05
SV3346,Le Van S6,6.23
SV3347,Nguyen Van S7,9.92
SV3348,Tran Thi S8,7.97
SV3349,Le Van S9,6.33
SV3350,Nguyen Van S0,8.36
SV3351,Tran Thi S1,6.39
SV3352,Le Van S2,5.13
SV3353,Nguyen Van S3,6.3
SV3354,Tran Thi S4,4.51
SV3355,Le Van S5,7.32
SV3356,Nguyen Van S6,5.61
SV3357,Tran Thi S7,9.48
SV3358,Le Van S8,5.09
SV3359,Nguyen Van S9,5.19
SV3360,Tran Thi S0,9.89
SV3361,Le Van S1,7.35
SV3362,Nguyen Van S2,5.41
SV3363,Tran Thi S3,7.24
SV3364,Le Van S4,7.68
SV3365,Nguyen Van S5,8.16
SV3366,Tran Thi S6,5.2
SV3367,Le Van S7,9.48
SV3368,Nguyen Van S8,7.54
SV3369,Tran Thi S9,5.95
SV3370,Le Van S0,7.47
SV3371,Nguyen Van S1,5.43
SV3372,Tran Thi S2,6.42
SV3373,Le Van S3,5.18
SV3374,Nguyen Van S4,8.47
SV3375,Tran Thi S5,5.78
SV3376,Le Van S6,4.85
SV3377,Nguyen Van S7,4.35
SV3378,Tran Thi S8,7.47
SV3379,Le Van S9,6.72
SV3380,Nguyen Van S0,9.14
SV3381,Tran Thi S1,7.25
SV3382,Le Van S2,9.63
SV3383,Nguyen Van S3,8.2
SV3384,Tran Thi S4,6.29
SV3385,Le Van S5,6.5
SV3386,Nguyen Van S6,8.63
SV3387,Tran Thi S7,4.72
SV3388,Le Van S8,8.37
SV3389,Nguyen Van S9,6.31
SV3390,Tran Thi S0,6.96
SV3391,Le Van S1,9.7
SV3392,Nguyen Van S2,4.67
SV3393,Tran Thi S3,7.4
SV3394,Le Van S4,5.37
SV3395,Nguyen Van S5,8.63
SV3396,Tran Thi S6,5.07
SV3397,Le Van S7,9.77
SV3398,Nguyen Van S8,6.14
SV3399,Tran Thi S9,5.28
SV3400,Le Van S0,6.1
SV3401,Nguyen Van S1,5.91
SV3402,Tran Thi S2,6.43
SV3403,Le Van S3,8.66
SV3404,Nguyen Van S4,8.48
SV3405,Tran Thi S5,6.26
SV3406,Le Van S6,8.92
SV3407,Nguyen Van S7,8.64
SV3408,Tran Thi S8,4.03
SV3409,Le Van S9,5
SV3410,Nguyen Van S0,7.64
SV3411,Tran Thi S1,8.69
SV3412,Le Van S2,7.69
SV3413,Nguyen Van S3,4.13
SV3414,Tran Thi S4,5.17
SV3415,Le Van S5,6.25
SV3416,Nguyen Van S6,4.48
SV3417,Tran Thi S7,8.93
SV3418,Le Van S8,9.89
SV3419,Nguyen Van S9,5.34
SV3420,Tran Thi S0,8.55
SV3421,Le Van S1,9.71
SV3422,Nguyen Van S2,4.61
SV3423,Tran Thi S3,4.35
SV3424,Le Van S4,6.78
SV3425,Nguyen Van S5,4.54
SV3426,Tran Thi S6,6.96
SV3427,Le Van S7,8.26
SV3428,Nguyen Van S8,6.86
SV3429,Tran Thi S9,7.64
SV3430,Le Van S0,4.62
SV3431,Nguyen Van S1,4.26
SV3432,Tran Thi S2,4.12
SV3433,Le Van S3,5.73
SV3434,Nguyen Van S4,4.98
SV3435,Tran Thi S5,7.07
SV3436,Le Van S6,7.02
SV3437,Nguyen Van S7,4.16
SV3438,Tran Thi S8,6.37
SV3439,Le Van S9,7.83
SV3440,Nguyen Van S0,8.54
SV3441,Tran Thi S1,9.25
SV3442,Le Van S2,7.67
SV3443,Nguyen Van S3,8.49
SV3444,Tran Thi S4,8.66
SV3445,Le Van S5,7.33
SV3446,Nguyen Van S6,6.51
SV3447,Tran Thi S7,5.06
SV3448,Le Van S8,8.66
SV3449,Nguyen Van S9,6.7
SV3450,Tran Thi S0,7.93
SV3451,Le Van S1,8.1
SV3452,Nguyen Van S2,8.96
SV3453,Tran Thi S3,5.46
SV3454,Le Van S4,6.04
SV3455,Nguyen Van S5,6.65
SV3456,Tran Thi S6,5.89
SV3457,Le Van S7,7.73
SV3458,Nguyen Van S8,7.64
SV3459,Tran Thi S9,8.26
SV3460,Le Van S0,6.87
SV3461,Nguyen Van S1,4.91
SV3462,Tran Thi S2,9.47
SV3463,Le Van S3,4.13
SV3464,Nguyen Van S4,7.02
SV3465,Tran Thi S5,8.91
SV3466,Le Van S6,9.49
SV3467,Nguyen Van S7,8.5
SV3468,Tran Thi S8,8.49
SV3469,Le Van S9,5.72
SV3470,Nguyen Van S0,9.58
SV3471,Tran Thi S1,8
SV3472,Le Van S2,7.57
SV3473,Nguyen Van S3,8.01
SV3474,Tran Thi S4,9.67
SV3475,Le Van S5,7.41
SV3476,Nguyen Van S6,4.02
SV3477,Tran Thi S7,8.57
SV3478,Le Van S8,9.96
SV3479,Nguyen Van S9,4.39
SV3480,Tran Thi S0,6.73
SV3481,Le Van S1,6.9
SV3482,Nguyen Van S2,4.14
SV3483,Tran Thi S3,4.83
SV3484,Le Van S4,5.77
SV3485,Nguyen Van S5,6.5
SV3486,Tran Thi S6,7.43
SV3487,Le Van S7,8.94
SV3488,Nguyen Van S8,9.03
SV3489,Tran Thi S9,7.09
SV3490,Le Van S0,4.53
SV3491,Nguyen Van S1,4.33
SV3492,Tran Thi S2,7.53
SV3493,Le Van S3,7.29
SV3494,Nguyen Van S4,5.01
SV3495,Tran Thi S5,8.05
SV3496,Le Van S6,8.43
SV3497,Nguyen Van S7,7.22
SV3498,Tran Thi S8,7.82
SV3499,Le Van S9,6.49
SV3500,Nguyen Van S0,6.31
SV3501,Tran Thi S1,5.17
SV3502,Le Van S2,9.45
SV3503,Nguyen Van S3,7.89
SV3504,Tran Thi S4,4.7
SV3505,Le Van S5,5.87
SV3506,Nguyen Van S6,5.19
SV3507,Tran Thi S7,4.51
SV3508,Le Van S8,5.47
SV3509,Nguyen Van S9,8.31
SV3510,Tran Thi S0,7.82
SV3511,Le Van S1,4.62
SV3512,Nguyen Van S2,9.14
SV3513,Tran Thi S3,7.46
SV3514,Le Van S4,7.59
SV3515,Nguyen Van S5,9.76
SV3516,Tran Thi S6,7.3
SV3517,Le Van S7,4.33
SV3518,Nguyen Van S8,9.74
SV3519,Tran Thi S9,6.22
SV3520,Le Van S0,4.05
SV3521,Nguyen Van S1,5.42
SV3522,Tran Thi S2,9.98
SV3523,Le Van S3,6.14
SV3524,Nguyen Van S4,4.29
SV3525,Tran Thi S5,7.01
SV3526,Le Van S6,7.35
SV3527,Nguyen Van S7,9.64
SV3528,Tran Thi S8,5.18
SV3529,Le Van S9,4.19
SV3530,Nguyen Van S0,4.39
SV3531,Tran Thi S1,4.19
SV3532,Le Van S2,5.06
SV3533,Nguyen Van S3,9.43
SV3534,Tran Thi S4,9.28
SV3535,Le Van S5,4.4
SV3536,Nguyen Van S6,9.79
SV3537,Tran Thi S7,9.68
SV3538,Le Van S8,6.6
SV3539,Nguyen Van S9,7.77
SV3540,Tran Thi S0,7.23
SV3541,Le Van S1,7.98
SV3542,Nguyen Van S2,5.33
SV3543,Tran Thi S3,7.07
SV3544,Le Van S4,5.55
SV3545,Nguyen Van S5,9.7
SV3546,Tran Thi S6,7.68
SV3547,Le Van S7,9.91
SV3548,Nguyen Van S8,8.81
SV3549,Tran Thi S9,5.18
SV3550,Le Van S0,6.29
SV3551,Nguyen Van S1,8.28
SV3552,Tran Thi S2,7.6
SV3553,Le Van S3,9.79
SV3554,Nguyen Van S4,4.93
SV3555,Tran Thi S5,9.58
SV3556,Le Van S6,6.91
SV3557,Nguyen Van S7,5.02
SV3558,Tran Thi S8,8.01
SV3559,Le Van S9,8.8
SV3560,Nguyen Van S0,9.25
SV3561,Tran Thi S1,4.6
SV3562,Le Van S2,8.99
SV3563,Nguyen Van S3,9.79
SV3564,Tran Thi S4,8.59
SV3565,Le Van S5,4.22
SV3566,Nguyen Van S6,6.9
SV3567,Tran Thi S7,4.82
SV3568,Le Van S8,9.98
SV3569,Nguyen Van S9,8.1
SV3570,Tran Thi S0,6.49
SV3571,Le Van S1,4.37
SV3572,Nguyen Van S2,7.8
SV3573,Tran Thi S3,4.85
SV3574,Le Van S4,8.86
SV3575,Nguyen Van S5,8.57
SV3576,Tran Thi S6,6.25
SV3577,Le Van S7,9.12
SV3578,Nguyen Van S8,9.64
SV3579,Tran Thi S9,4.58
SV3580,Le Van S0,7.01
SV3581,Nguyen Van S1,7.65
SV3582,Tran Thi S2,6.24
SV3583,Le Van S3,4.96
SV3584,Nguyen Van S4,5.14
SV3585,Tran Thi S5,5.8
SV3586,Le Van S6,9.01
SV3587,Nguyen Van S7,4.38
SV3588,Tran Thi S8,5.89
SV3589,Le Van S9,8.25
SV3590,Nguyen Van S0,9.69
SV3591,Tran Thi S1,6.95
SV3592,Le Van S2,8.15
SV3593,Nguyen Van S3,5.19
SV3594,Tran Thi S4,6.92
SV3595,Le Van S5,7.98
SV3596,Nguyen Van S6,4.19
SV3597,Tran Thi S7,9.68
SV3598,Le Van S8,4.07
SV3599,Nguyen Van S9,4.25
SV3600,Tran Thi S0,7.71
SV3601,Le Van S1,6.35
SV3602,Nguyen Van S2,5.56
SV3603,Tran Thi S3,6.79
SV3604,Le Van S4,7.17
SV3605,Nguyen Van S5,5.28
SV3606,Tran Thi S6,6.09
SV3607,Le Van S7,4.83
SV3608,Nguyen Van S8,9.54
SV3609,Tran Thi S9,6.96
SV3610,Le Van S0,7.81
SV3611,Nguyen Van S1,9.66
SV3612,Tran Thi S2,4.2
SV3613,Le Van S3,6.46
SV3614,Nguyen Van S4,6.62
SV3615,Tran Thi S5,5.98
SV3616,Le Van S6,8.21
SV3617,Nguyen Van S7,6.5
SV3618,Tran Thi S8,7.68
SV3619,Le Van S9,6
SV3620,Nguyen Van S0,5.55
SV3621,Tran Thi S1,7.98
SV3622,Le Van S2,7.78
SV3623,Nguyen Van S3,5.19
SV3624,Tran Thi S4,5.66
SV3625,Le Van S5,6.38
SV3626,Nguyen Van S6,6
SV3627,Tran Thi S7,8.73
SV3628,Le Van S8,9.98
SV3629,Nguyen Van S9,6.7
SV3630,Tran Thi S0,5.95
SV3631,Le Van S1,8.38
SV3632,Nguyen Van S2,9.65
SV3633,Tran Thi S3,6.78
SV3634,Le Van S4,8.92
SV3635,Nguyen Van S5,4.19
SV3636,Tran Thi S6,8
SV3637,Le Van S7,7.09
SV3638,Nguyen Van S8,5.42
SV3639,Tran Thi S9,6.4
SV3640,Le Van S0,4.81
SV3641,Nguyen Van S1,6.64
SV3642,Tran Thi S2,7.42
SV3643,Le Van S3,8.45
SV3644,Nguyen Van S4,8.07
SV3645,Tran Thi S5,5.38
SV3646,Le Van S6,5.73
SV3647,Nguyen Van S7,4.3
SV3648,Tran Thi S8,5.09
SV3649,Le Van S9,9.86
SV3650,Nguyen Van S0,4.07
SV3651,Tran Thi S1,6.42
SV3652,Le Van S2,9.71
SV3653,Nguyen Van S3,5.61
SV3654,Tran Thi S4,8.74
SV3655,Le Van S5,5.51
SV3656,Nguyen Van S6,6.9
SV3657,Tran Thi S7,8.47
SV3658,Le Van S8,8.19
SV3659,Nguyen Van S9,6.44
SV3660,Tran Thi S0,4.51
SV3661,Le Van S1,9.17
SV3662,Nguyen Van S2,7.02
SV3663,Tran Thi S3,7.89
SV3664,Le Van S4,9.06
SV3665,Nguyen Van S5,5.82
SV3666,Tran Thi S6,8.87
SV3667,Le Van S7,8.17
SV3668,Nguyen Van S8,6.69
SV3669,Tran Thi S9,9.64
SV3670,Le Van S0,4.55
SV3671,Nguyen Van S1,7.34
SV3672,Tran Thi S2,5.12
SV3673,Le Van S3,5.23
SV3674,Nguyen Van S4,9.96
SV3675,Tran Thi S5,9.62
SV3676,Le Van S6,6.14
SV3677,Nguyen Van S7,5.38
SV3678,Tran Thi S8,6.26
SV3679,Le Van S9,9.41
SV3680,Nguyen Van S0,8.75
SV3681,Tran Thi S1,6.94
SV3682,Le Van S2,4.94
SV3683,Nguyen Van S3,4.82
SV3684,Tran Thi S4,5.84
SV3685,Le Van S5,9.03
SV3686,Nguyen Van S6,5.04
SV3687,Tran Thi S7,5.98
SV3688,Le Van S8,7.25
SV3689,Nguyen Van S9,8.46
SV3690,Tran Thi S0,8.16
SV3691,Le Van S1,6.46
SV3692,Nguyen Van S2,5.51
SV3693,Tran Thi S3,6.23
SV3694,Le Van S4,4.37
SV3695,Nguyen Van S5,7.94
SV3696,Tran Thi S6,5.78
SV3697,Le Van S7,5.3
SV3698,Nguyen Van S8,4.01
SV3699,Tran Thi S9,8.18
SV3700,Le Van S0,4.84
SV3701,Nguyen Van S1,9.09
SV3702,Tran Thi S2,6.56
SV3703,Le Van S3,5.31
SV3704,Nguyen Van S4,4.9
SV3705,Tran Thi S5,6.1
SV3706,Le Van S6,7.82
SV3707,Nguyen Van S7,4.69
SV3708,Tran Thi S8,6.13
SV3709,Le Van S9,5.66
SV3710,Nguyen Van S0,8.29
SV3711,Tran Thi S1,4.96
SV3712,Le Van S2,8.21
SV3713,Nguyen Van S3,8.64
SV3714,Tran Thi S4,5
SV3715,Le Van S5,7.7
SV3716,Nguyen Van S6,8.44
SV3717,Tran Thi S7,8.35
SV3718,Le Van S8,9
SV3719,Nguyen Van S9,5.94
SV3720,Tran Thi S0,8.45
SV3721,Le Van S1,6.19
SV3722,Nguyen Van S2,4.94
SV3723,Tran Thi S3,4.85
SV3724,Le Van S4,7.11
SV3725,Nguyen Van S5,7.35
SV3726,Tran Thi S6,7.87
SV3727,Le Van S7,4
SV3728,Nguyen Van S8,6.38
SV3729,Tran Thi S9,8.39
SV3730,Le Van S0,4.58
SV3731,Nguyen Van S1,4.62
SV3732,Tran Thi S2,8.52
SV3733,Le Van S3,8.63
SV3734,Nguyen Van S4,7.65
SV3735,Tran Thi S5,7.51
SV3736,Le Van S6,4.52
SV3737,Nguyen Van S7,5.98
SV3738,Tran Thi S8,5.46
SV3739,Le Van S9,9.7
SV3740,Nguyen Van S0,9.1
SV3741,Tran Thi S1,5.62
SV3742,Le Van S2,5.29
SV3743,Nguyen Van S3,7.82
SV3744,Tran Thi S4,6.74
SV3745,Le Van S5,4.35
SV3746,Nguyen Van S6,7.01
SV3747,Tran Thi S7,5.33
SV3748,Le Van S8,6.05
SV3749,Nguyen Van S9,4.86
SV3750,Tran Thi S0,5.81
SV3751,Le Van S1,4.68
SV3752,Nguyen Van S2,8.13
SV3753,Tran Thi S3,9.5
SV3754,Le Van S4,5.69
SV3755,Nguyen Van S5,8.54
SV3756,Tran Thi S6,6.19
SV3757,Le Van S7,4.77
SV3758,Nguyen Van S8,5.9
SV3759,Tran Thi S9,4.39
SV3760,Le Van S0,8.75
SV3761,Nguyen Van S1,6.4
SV3762,Tran Thi S2,5.26
SV3763,Le Van S3,6.97
SV3764,Nguyen Van S4,7.38
SV3765,Tran Thi S5,7.13
SV3766,Le Van S6,7.68
SV3767,Nguyen Van S7,9.31
SV3768,Tran Thi S8,6.07
SV3769,Le Van S9,4.04
SV3770,Nguyen Van S0,6.96
SV3771,Tran Thi S1,7.17
SV3772,Le Van S2,4.02
SV3773,Nguyen Van S3,9.94
SV3774,Tran Thi S4,8.28
SV3775,Le Van S5,4.94
SV3776,Nguyen Van S6,5.54
SV3777,Tran Thi S7,9.8
SV3778,Le Van S8,8.79
SV3779,Nguyen Van S9,5.47
SV3780,Tran Thi S0,4.38
SV3781,Le Van S1,6.07
SV3782,Nguyen Van S2,9
SV3783,Tran Thi S3,4.64
SV3784,Le Van S4,4.99
SV3785,Nguyen Van S5,5.66
SV3786,Tran Thi S6,4.8
SV3787,Le Van S7,9.94
SV3788,Nguyen Van S8,9.16
SV3789,Tran Thi S9,5.99
SV3790,Le Van S0,6.65
SV3791,Nguyen Van S1,8.18
SV3792,Tran Thi S2,8.82
SV3793,Le Van S3,7.56
SV3794,Nguyen Van S4,5.56
SV3795,Tran Thi S5,4.74
SV3796,Le Van S6,7.83
SV3797,Nguyen Van S7,7.6
SV3798,Tran Thi S8,8.21
SV3799,Le Van S9,7.32
SV3800,Nguyen Van S0,4.44
SV3801,Tran Thi S1,6.86
SV3802,Le Van S2,8.95
SV3803,Nguyen Van S3,6.74
SV3804,Tran Thi S4,7.87
SV3805,Le Van S5,7.19
SV3806,Nguyen Van S6,4.46
SV3807,Tran Thi S7,6.24
SV3808,Le Van S8,9.71
SV3809,Nguyen Van S9,7.73
SV3810,Tran Thi S0,5.99
SV3811,Le Van S1,5.84
SV3812,Nguyen Van S2,7.52
SV3813,Tran Thi S3,7.61
SV3814,Le Van S4,6.04
SV3815,Nguyen Van S5,8.04
SV3816,Tran Thi S6,4.43
SV3817,Le Van S7,6.6
SV3818,Nguyen Van S8,5.08
SV3819,Tran Thi S9,6.3
SV3820,Le Van S0,7.73
SV3821,Nguyen Van S1,8.24
SV3822,Tran Thi S2,7.79
SV3823,Le Van S3,4.05
SV3824,Nguyen Van S4,7.78
SV3825,Tran Thi S5,7.96
SV3826,Le Van S6,4.87
SV3827,Nguyen Van S7,9.47
SV3828,Tran Thi S8,7.73
SV3829,Le Van S9,6.57
SV3830,Nguyen Van S0,9.98
SV3831,Tran Thi S1,5.57
SV3832,Le Van S2,8.67
SV3833,Nguyen Van S3,7.12
SV3834,Tran Thi S4,4.98
SV3835,Le Van S5,5.89
SV3836,Nguyen Van S6,7.96
SV3837,Tran Thi S7,4.81
SV3838,Le Van S8,6.07
SV3839,Nguyen Van S9,4.91
SV3840,Tran Thi S0,6.91
SV3841,Le Van S1,5.59
SV3842,Nguyen Van S2,8.13
SV3843,Tran Thi S3,4.55
SV3844,Le Van S4,7.81
SV3845,Nguyen Van S5,4.42
SV3846,Tran Thi S6,4.62
SV3847,Le Van S7,8.12
SV3848,Nguyen Van S8,5.99
SV3849,Tran Thi S9,7.52
SV3850,Le Van S0,9.67
SV3851,Nguyen Van S1,9.54
SV3852,Tran Thi S2,8.21
SV3853,Le Van S3,6.16
SV3854,Nguyen Van S4,9.38
SV3855,Tran Thi S5,7.56
SV3856,Le Van S6,5.21
SV3857,Nguyen Van S7,5.08
SV3858,Tran Thi S8,7.33
SV3859,Le Van S9,4.79
SV3860,Nguyen Van S0,6.66
SV3861,Tran Thi S1,4.45
SV3862,Le Van S2,7.38
SV3863,Nguyen Van S3,4.11
SV3864,Tran Thi S4,7.14
SV3865,Le Van S5,5.51
SV3866,Nguyen Van S6,8.48
SV3867,Tran Thi S7,5.79
SV3868,Le Van S8,4.42
SV3869,Nguyen Van S9,9.27
SV3870,Tran Thi S0,4.85
SV3871,Le Van S1,8.25
SV3872,Nguyen Van S2,8
SV3873,Tran Thi S3,6.89
SV3874,Le Van S4,7.38
SV3875,Nguyen Van S5,8.71
SV3876,Tran Thi S6,6.85
SV3877,Le Van S7,4.73
SV3878,Nguyen Van S8,4.13
SV3879,Nguyen Van S9,5.67
SV3880,Tran Thi S0,7.07
SV3881,Le Van S1,8.27
SV3882,Nguyen Van S2,9.49
SV3883,Tran Thi S3,5.44
SV3884,Le Van S4,5.6
SV3885,Nguyen Van S5,8.8
SV3886,Tran Thi S6,9.08
SV3887,Le Van S7,6.78
SV3888,Nguyen Van S8,7.15
SV3889,Tran Thi S9,6.69
SV3890,Le Van S0,6.61
SV3891,Nguyen Van S1,9.96
SV3892,Tran Thi S2,6.76
SV3893,Le Van S3,6.62
SV3894,Nguyen Van S4,7.91
SV3895,Tran Thi S5,9.29
SV3896,Le Van S6,6.82
SV3897,Nguyen Van S7,7.81
SV3898,Tran Thi S8,5.87
SV3899,Le Van S9,7.35
SV3900,Nguyen Van S0,5.37
SV3901,Tran Thi S1,8.65
SV3902,Le Van S2,8.01
SV3903,Nguyen Van S3,5.94
SV3904,Tran Thi S4,6.02
SV3905,Le Van S5,9.94
SV3906,Nguyen Van S6,8.49
SV3907,Tran Thi S7,6.51
SV3908,Le Van S8,9.29
SV3909,Nguyen Van S9,7.52
SV3910,Tran Thi S0,4.57
SV3911,Le Van S1,8.35
SV3912,Nguyen Van S2,4.44
SV3913,Tran Thi S3,8.11
SV3914,Le Van S4,5.59
SV3915,Nguyen Van S5,4.75
SV3916,Tran Thi S6,6.71
SV3917,Le Van S7,7.32
SV3918,Nguyen Van S8,5.45
SV3919,Tran Thi S9,8.99
SV3920,Le Van S0,5.44
SV3921,Nguyen Van S1,4.19
SV3922,Tran Thi S2,6.32
SV3923,Le Van S3,9.34
SV3924,Nguyen Van S4,5.82
SV3925,Tran Thi S5,6.17
SV3926,Le Van S6,6.08
SV3927,Nguyen Van S7,4.31
SV3928,Tran Thi S8,7.97
SV3929,Le Van S9,8.49
SV3930,Nguyen Van S0,4.96
SV3931,Tran Thi S1,8.25
SV3932,Le Van S2,7.27
SV3933,Nguyen Van S3,4.33
SV3934,Tran Thi S4,9.28
SV3935,Le Van S5,6.05
SV3936,Nguyen Van S6,5.45
SV3937,Tran Thi S7,6.74
SV3938,Le Van S8,8.52
SV3939,Nguyen Van S9,6.12
SV3940,Tran Thi S0,5.9
SV3941,Le Van S1,7.44
SV3942,Nguyen Van S2,8.92
SV3943,Tran Thi S3,8.46
SV3944,Le Van S4,7.02
SV3945,Nguyen Van S5,8.27
SV3946,Tran Thi S6,8.13
SV3947,Le Van S7,8.56
SV3948,Nguyen Van S8,8.45
SV3949,Tran Thi S9,9.08
SV3950,Le Van S0,5.12
SV3951,Nguyen Van S1,4.81
SV3952,Tran Thi S2,8.79
SV3953,Le Van S3,9.73
SV3954,Nguyen Van S4,5.05
SV3955,Tran Thi S5,8.08
SV3956,Le Van S6,8.97
SV3957,Nguyen Van S7,7.35
SV3958,Tran Thi S8,6.16
SV3959,Le Van S9,6.87
SV3960,Nguyen Van S0,7.73
SV3961,Tran Thi S1,9.26
SV3962,Le Van S2,8.29
SV3963,Nguyen Van S3,4.81
SV3964,Tran Thi S4,5.47
SV3965,Le Van S5,7.67
SV3966,Nguyen Van S6,6.71
SV3967,Tran Thi S7,6.78
SV3968,Le Van S8,7.12
SV3969,Nguyen Van S9,8.3
SV3970,Tran Thi S0,6.53
SV3971,Le Van S1,4.38
SV3972,Nguyen Van S2,6.61
SV3973,Tran Thi S3,5.27
SV3974,Le Van S4,6.03
SV3975,Nguyen Van S5,8.97
SV3976,Tran Thi S6,7.34
SV3977,Le Van S7,4.96
SV3978,Nguyen Van S8,4.16
SV3979,Tran Thi S9,5.45
SV3980,Le Van S0,5.09
SV3981,Nguyen Van S1,5.04
SV3982,Tran Thi S2,8.98
SV3983,Le Van S3,9.33
SV3984,Nguyen Van S4,5.39
SV3985,Tran Thi S5,9.86
SV3986,Le Van S6,6.12
SV3987,Nguyen Van S7,8.12
SV3988,Tran Thi S8,7.67
SV3989,Le Van S9,9.91
SV3990,Nguyen Van S0,8.33
SV3991,Tran Thi S1,5.63
SV3992,Le Van S2,4.16
SV3993,Nguyen Van S3,5.84
SV3994,Tran Thi S4,9.5
SV3995,Le Van S5,4.83
SV3996,Nguyen Van S6,6.71
SV3997,Tran Thi S7,9.97
SV3998,Le Van S8,6.44
SV3999,Nguyen Van S9,4.47
SV4000,Tran Thi S0,9.5
SV4001,Le Van S1,5.37
SV4002,Nguyen Van S2,9.82
SV4003,Tran Thi S3,4.14
SV4004,Le Van S4,4.1
SV4005,Nguyen Van S5,8.11
SV4006,Tran Thi S6,8.6
SV4007,Le Van S7,9.42
SV4008,Nguyen Van S8,4.38
SV4009,Tran Thi S9,9.97
SV4010,Le Van S0,8.18
SV4011,Nguyen Van S1,8.02
SV4012,Tran Thi S2,9.57
SV4013,Le Van S3,9.84
SV4014,Nguyen Van S4,8.96
SV4015,Tran Thi S5,4.21
SV4016,Le Van S6,5
SV4017,Nguyen Van S7,5.03
SV4018,Tran Thi S8,8.59
SV4019,Le Van S9,8.07
SV4020,Nguyen Van S0,8.31
SV4021,Tran Thi S1,5.94
SV4022,Le Van S2,5.73
SV4023,Nguyen Van S3,6.37
SV4024,Tran Thi S4,8.8
SV4025,Le Van S5,9.25
SV4026,Nguyen Van S6,6.46
SV4027,Tran Thi S7,4.64
SV4028,Le Van S8,6.44
SV4029,Nguyen Van S9,7.93
SV4030,Tran Thi S0,8.99
SV4031,Le Van S1,7.07
SV4032,Nguyen Van S2,8.85
SV4033,Tran Thi S3,6.84
SV4034,Le Van S4,4.96
SV4035,Nguyen Van S5,6.75
SV4036,Tran Thi S6,7.81
SV4037,Le Van S7,6.19
SV4038,Nguyen Van S8,5.53
SV4039,Tran Thi S9,6.98
SV4040,Le Van S0,5.99
SV4041,Nguyen Van S1,6.73
SV4042,Tran Thi S2,4.56
SV4043,Le Van S3,4.09
SV4044,Nguyen Van S4,6.21
SV4045,Tran Thi S5,9.81
SV4046,Le Van S6,4.34
SV4047,Nguyen Van S7,9.69
SV4048,Tran Thi S8,5.89
SV4049,Le Van S9,5.11
SV4050,Nguyen Van S0,8.49
SV4051,Tran Thi S1,9.06
SV4052,Le Van S2,4.79
SV4053,Nguyen Van S3,7.09
SV4054,Tran Thi S4,6.53
SV4055,Le Van S5,4.69
SV4056,Nguyen Van S6,7.75
SV4057,Tran Thi S7,7.29
SV4058,Le Van S8,8.19
SV4059,Nguyen Van S9,7.33
SV4060,Tran Thi S0,7.23
SV4061,Le Van S1,6.28
SV4062,Nguyen Van S2,7.71
SV4063,Tran Thi S3,8.88
SV4064,Le Van S4,9.53
SV4065,Nguyen Van S5,8.31
SV4066,Tran Thi S6,7.25
SV4067,Le Van S7,5.48
SV4068,Nguyen Van S8,6.16
SV4069,Tran Thi S9,7.16
SV4070,Le Van S0,4.26
SV4071,Nguyen Van S1,5.46
SV4072,Tran Thi S2,7.88
SV4073,Le Van S3,5.74
SV4074,Nguyen Van S4,8.17
SV4075,Tran Thi S5,7.25
SV4076,Le Van S6,6.01
SV4077,Nguyen Van S7,8.6
SV4078,Tran Thi S8,6.06
SV4079,Le Van S9,7.5
SV4080,Nguyen Van S0,9.31
SV4081,Tran Thi S1,5.37
SV4082,Le Van S2,4.37
SV4083,Nguyen Van S3,9.47
SV4084,Tran Thi S4,8.6
SV4085,Le Van S5,6.93
SV4086,Nguyen Van S6,4.61
SV4087,Tran Thi S7,6.89
SV4088,Le Van S8,6.66
SV4089,Nguyen Van S9,9.26
SV4090,Tran Thi S0,9.56
SV4091,Le Van S1,8.03
SV4092,Nguyen Van S2,8.84
SV4093,Tran Thi S3,9.26
SV4094,Le Van S4,9.72
SV4095,Nguyen Van S5,4.08
SV4096,Tran Thi S6,6.06
SV4097,Le Van S7,7.19
SV4098,Nguyen Van S8,6.63
SV4099,Tran Thi S9,5.59
SV4100,Le Van S0,9.58
SV4101,Nguyen Van S1,9.18
SV4102,Tran Thi S2,5.07
SV4103,Le Van S3,5.05
SV4104,Nguyen Van S4,4.01
SV4105,Tran Thi S5,7.87
SV4106,Le Van S6,8.1
SV4107,Nguyen Van S7,7.67
SV4108,Tran Thi S8,9.67
SV4109,Le Van S9,5.78
SV4110,Nguyen Van S0,5.9
SV4111,Tran Thi S1,8.35
SV4112,Le Van S2,9.74
SV4113,Nguyen Van S3,7.97
SV4114,Tran Thi S4,4.02
SV4115,Le Van S5,9.05
SV4116,Nguyen Van S6,9.84
SV4117,Tran Thi S7,4.28
SV4118,Le Van S8,8.6
SV4119,Nguyen Van S9,4.51
SV4120,Tran Thi S0,6.75
SV4121,Le Van S1,8.24
SV4122,Nguyen Van S2,7.05
SV4123,Tran Thi S3,5.14
SV4124,Le Van S4,4.44
SV4125,Nguyen Van S5,9.53
SV4126,Tran Thi S6,7.77
SV4127,Le Van S7,8.24
SV4128,Nguyen Van S8,8.81
SV4129,Tran Thi S9,4.41
SV4130,Le Van S0,9.1
SV4131,Nguyen Van S1,4.89
SV4132,Tran Thi S2,5.4
SV4133,Le Van S3,6.57
SV4134,Nguyen Van S4,4.11
SV4135,Tran Thi S5,5.62
SV4136,Le Van S6,5.76
SV4137,Nguyen Van S7,7.27
SV4138,Tran Thi S8,5.25
SV4139,Le Van S9,5.07
SV4140,Nguyen Van S0,9.34
SV4141,Tran Thi S1,6.15
SV4142,Le Van S2,8.46
SV4143,Nguyen Van S3,7.41
SV4144,Tran Thi S4,5.52
SV4145,Le Van S5,7.26
SV4146,Nguyen Van S6,5.21
SV4147,Tran Thi S7,8.16
SV4148,Le Van S8,6.01
SV4149,Nguyen Van S9,5.81
SV4150,Tran Thi S0,5.02
SV4151,Le Van S1,5.68
SV4152,Nguyen Van S2,9.18
SV4153,Tran Thi S3,7.72
SV4154,Le Van S4,8.34
SV4155,Nguyen Van S5,7.54
SV4156,Tran Thi S6,8.23
SV4157,Le Van S7,8.21
SV4158,Nguyen Van S8,9.59
SV4159,Tran Thi S9,4.42
SV4160,Le Van S0,6.21
SV4161,Nguyen Van S1,4.95
SV4162,Tran Thi S2,7.62
SV4163,Le Van S3,7.53
SV4164,Nguyen Van S4,7.9
SV4165,Tran Thi S5,7.75
SV4166,Le Van S6,7.64
SV4167,Nguyen Van S7,9.32
SV4168,Tran Thi S8,5.52
SV4169,Le Van S9,7.41
SV4170,Nguyen Van S0,8.6
SV4171,Tran Thi S1,5.31
SV4172,Le Van S2,8.49
SV4173,Nguyen Van S3,7.25
SV4174,Tran Thi S4,7.52
SV4175,Le Van S5,8.5
SV4176,Nguyen Van S6,6.37
SV4177,Tran Thi S7,6.29
SV4178,Le Van S8,8.23
SV4179,Nguyen Van S9,7.57
SV4180,Tran Thi S0,6.9
SV4181,Le Van S1,5.25
SV4182,Nguyen Van S2,4.96
SV4183,Tran Thi S3,7.31
SV4184,Le Van S4,7.39
SV4185,Nguyen Van S5,5.96
SV4186,Tran Thi S6,7.76
SV4187,Le Van S7,4.44
SV4188,Nguyen Van S8,5.55
SV4189,Tran Thi S9,5.36
SV4190,Le Van S0,8.47
SV4191,Nguyen Van S1,7.41
SV4192,Tran Thi S2,6.37
SV4193,Le Van S3,5.88
SV4194,Nguyen Van S4,4.11
SV4195,Tran Thi S5,9.18
SV4196,Le Van S6,7.8
SV4197,Nguyen Van S7,6.48
SV4198,Tran Thi S8,9.23
SV4199,Le Van S9,6.27
SV4200,Nguyen Van S0,7.54
SV4201,Tran Thi S1,9.61
SV4202,Le Van S2,9.84
SV4203,Nguyen Van S3,9.71
SV4204,Tran Thi S4,8.92
SV4205,Le Van S5,8.48
SV4206,Nguyen Van S6,6.98
SV4207,Tran Thi S7,7.25
SV4208,Le Van S8,9.65
SV4209,Nguyen Van S9,4.11
SV4210,Tran Thi S0,4.73
SV4211,Le Van S1,9.79
SV4212,Nguyen Van S2,9.78
SV4213,Tran Thi S3,5.86
SV4214,Le Van S4,6.13
SV4215,Nguyen Van S5,6.52
SV4216,Tran Thi S6,9.97
SV4217,Le Van S7,8.41
SV4218,Nguyen Van S8,5.26
SV4219,Tran Thi S9,8.31
SV4220,Le Van S0,4.52
SV4221,Nguyen Van S1,9.46
SV4222,Tran Thi S2,7.29
SV4223,Le Van S3,7.22
SV4224,Nguyen Van S4,7.82
SV4225,Tran Thi S5,6.79
SV4226,Le Van S6,9.79
SV4227,Nguyen Van S7,4.16
SV4228,Tran Thi S8,6.4
SV4229,Le Van S9,6.88
SV4230,Nguyen Van S0,6.47
SV4231,Tran Thi S1,8.3
SV4232,Le Van S2,4.25
SV4233,Nguyen Van S3,6.67
SV4234,Tran Thi S4,4.47
SV4235,Le Van S5,7.91
SV4236,Nguyen Van S6,7
SV4237,Tran Thi S7,4.46
SV4238,Le Van S8,6.9
SV4239,Nguyen Van S9,6.93
SV4240,Tran Thi S0,8.5
SV4241,Le Van S1,9.64
SV4242,Nguyen Van S2,6.93
SV4243,Tran Thi S3,5.49
SV4244,Le Van S4,9.44
SV4245,Nguyen Van S5,4.43
SV4246,Tran Thi S6,4.21
SV4247,Le Van S7,5.63
SV4248,Nguyen Van S8,4.58
SV4249,Tran Thi S9,9.65
SV4250,Le Van S0,7.38
SV4251,Nguyen Van S1,6.07
SV4252,Tran Thi S2,7.93
SV4253,Le Van S3,6.77
SV4254,Nguyen Van S4,7.13
SV4255,Tran Thi S5,5.63
SV4256,Le Van S6,5.65
SV4257,Nguyen Van S7,4.77
SV4258,Tran Thi S8,8.36
SV4259,Le Van S9,9.97
SV4260,Nguyen Van S0,5.35
SV4261,Tran Thi S1,6.23
SV4262,Le Van S2,4.49
SV4263,Nguyen Van S3,9.9
SV4264,Tran Thi S4,9.37
SV4265,Le Van S5,7.38
SV4266,Nguyen Van S6,7.94
SV4267,Tran Thi S7,4.35
SV4268,Le Van S8,9.82
SV4269,Nguyen Van S9,7.44
SV4270,Tran Thi S0,5.5
SV4271,Le Van S1,4.55
SV4272,Nguyen Van S2,7.18
SV4273,Tran Thi S3,5.98
SV4274,Le Van S4,8.72
SV4275,Nguyen Van S5,8.65
SV4276,Tran Thi S6,5.85
SV4277,Le Van S7,9.89
SV4278,Nguyen Van S8,9.91
SV4279,Tran Thi S9,7.13
SV4280,Le Van S0,9.64
SV4281,Nguyen Van S1,9.27
SV4282,Tran Thi S2,9.12
SV4283,Le Van S3,9.22
SV4284,Nguyen Van S4,6.79
SV4285,Tran Thi S5,8.21
SV4286,Le Van S6,9.1
SV4287,Nguyen Van S7,4.46
SV4288,Tran Thi S8,4.14
SV4289,Le Van S9,4.59
SV4290,Nguyen Van S0,5.33
SV4291,Tran Thi S1,8.73
SV4292,Le Van S2,7.04
SV4293,Nguyen Van S3,5.07
SV4294,Tran Thi S4,9.61
SV4295,Le Van S5,4.53
SV4296,Nguyen Van S6,4.77
SV4297,Tran Thi S7,7.66
SV4298,Le Van S8,9.96
SV4299,Nguyen Van S9,4.58
SV4300,Tran Thi S0,6.58
SV4301,Le Van S1,7.46
SV4302,Nguyen Van S2,8.53
SV4303,Tran Thi S3,6.4
SV4304,Le Van S4,6.07
SV4305,Nguyen Van S5,7.95
SV4306,Tran Thi S6,6.4
SV4307,Le Van S7,7.22
SV4308,Nguyen Van S8,8.37
SV4309,Tran Thi S9,8.53
SV4310,Le Van S0,6.69
SV4311,Nguyen Van S1,4.45
SV4312,Tran Thi S2,5.91
SV4313,Le Van S3,9.3
SV4314,Nguyen Van S4,8.94
SV4315,Tran Thi S5,7.76
SV4316,Le Van S6,8.66
SV4317,Nguyen Van S7,7.55
SV4318,Tran Thi S8,8.72
SV4319,Le Van S9,7.32
SV4320,Nguyen Van S0,8.39
SV4321,Tran Thi S1,8.62
SV4322,Le Van S2,7.38
SV4323,Nguyen Van S3,9.46
SV4324,Tran Thi S4,5.67
SV4325,Le Van S5,5.29
SV4326,Nguyen Van S6,4.33
SV4327,Tran Thi S7,4.06
SV4328,Le Van S8,6.85
SV4329,Nguyen Van S9,9.69
SV4330,Tran Thi S0,9.09
SV4331,Le Van S1,7.73
SV4332,Nguyen Van S2,5.54
SV4333,Tran Thi S3,6.02
SV4334,Le Van S4,9.56
SV4335,Nguyen Van S5,7.19
SV4336,Tran Thi S6,7.8
SV4337,Le Van S7,8.47
SV4338,Nguyen Van S8,8.27
SV4339,Tran Thi S9,6.46
SV4340,Le Van S0,9.51
SV4341,Nguyen Van S1,7.76
SV4342,Tran Thi S2,7.11
SV4343,Le Van S3,4.93
SV4344,Nguyen Van S4,9.32
SV4345,Tran Thi S5,6.87
SV4346,Le Van S6,5.03
SV4347,Nguyen Van S7,7.21
SV4348,Tran Thi S8,4.26
SV4349,Le Van S9,8.96
SV4350,Nguyen Van S0,4.45
SV4351,Tran Thi S1,7.31
SV4352,Le Van S2,4.71
SV4353,Nguyen Van S3,9.96
SV4354,Tran Thi S4,5.23
SV4355,Le Van S5,6.57
SV4356,Nguyen Van S6,8.97
SV4357,Tran Thi S7,4.43
SV4358,Le Van S8,7.68
SV4359,Nguyen Van S9,9.04
SV4360,Tran Thi S0,6.48
SV4361,Le Van S1,6.52
SV4362,Nguyen Van S2,9.72
SV4363,Tran Thi S3,5.57
SV4364,Le Van S4,7.51
SV4365,Nguyen Van S5,7.29
SV4366,Tran Thi S6,8.69
SV4367,Le Van S7,4.77
SV4368,Nguyen Van S8,5.97
SV4369,Tran Thi S9,9.57
SV4370,Le Van S0,5.48
SV4371,Nguyen Van S1,5.36
SV4372,Tran Thi S2,5.89
SV4373,Le Van S3,5.38
SV4374,Nguyen Van S4,7.81
SV4375,Tran Thi S5,9.39
SV4376,Le Van S6,4.49
SV4377,Nguyen Van S7,4.15
SV4378,Tran Thi S8,6.68
SV4379,Le Van S9,5.64
SV4380,Nguyen Van S0,8.43
SV4381,Tran Thi S1,7.44
SV4382,Le Van S2,5.39
SV4383,Nguyen Van S3,4.94
SV4384,Tran Thi S4,8.69
SV4385,Le Van S5,8.27
SV4386,Nguyen Van S6,6.55
SV4387,Tran Thi S7,7.58
SV4388,Le Van S8,4.08
SV4389,Nguyen Van S9,4.61
SV4390,Tran Thi S0,7.88
SV4391,Le Van S1,8.88
SV4392,Nguyen Van S2,8.33
SV4393,Tran Thi S3,8.26
SV4394,Le Van S4,7.7
SV4395,Nguyen Van S5,6.28
SV4396,Tran Thi S6,9.78
SV4397,Le Van S7,5.99
SV4398,Nguyen Van S8,7.07
SV4399,Tran Thi S9,6.55
SV4400,Le Van S0,9.13
SV4401,Nguyen Van S1,4.43
SV4402,Tran Thi S2,5.84
SV4403,Le Van S3,8.65
SV4404,Nguyen Van S4,5.8
SV4405,Tran Thi S5,4.85
SV4406,Le Van S6,4.05
SV4407,Nguyen Van S7,9.33
SV4408,Tran Thi S8,5.62
SV4409,Le Van S9,7.95
SV4410,Nguyen Van S0,6.31
SV4411,Tran Thi S1,5.74
SV4412,Le Van S2,9.58
SV4413,Nguyen Van S3,8.83
SV4414,Tran Thi S4,5.83
SV4415,Le Van S5,5.82
SV4416,Nguyen Van S6,5.72
SV4417,Tran Thi S7,7.91
SV4418,Le Van S8,5.63
SV4419,Nguyen Van S9,7.45
SV4420,Tran Thi S0,5.59
SV4421,Le Van S1,5.1
SV4422,Nguyen Van S2,8.43
SV4423,Tran Thi S3,6.38
SV4424,Le Van S4,5.51
SV4425,Nguyen Van S5,6.53
SV4426,Tran Thi S6,7.88
SV4427,Le Van S7,4.37
SV4428,Nguyen Van S8,9.2
SV4429,Tran Thi S9,4.9
SV4430,Le Van S0,6.22
SV4431,Nguyen Van S1,7.73
SV4432,Tran Thi S2,9.93
SV4433,Le Van S3,8.7
SV4434,Nguyen Van S4,6.85
SV4435,Tran Thi S5,6.62
SV4436,Le Van S6,5.57
SV4437,Nguyen Van S7,6.3
SV4438,Tran Thi S8,5.55
SV4439,Le Van S9,4.89
SV4440,Nguyen Van S0,8.56
SV4441,Tran Thi S1,5.15
SV4442,Le Van S2,6.43
SV4443,Nguyen Van S3,5.55
SV4444,Tran Thi S4,4.9
SV4445,Le Van S5,6.96
SV4446,Nguyen Van S6,5.3
SV4447,Tran Thi S7,9.46
SV4448,Le Van S8,5.6
SV4449,Nguyen Van S9,7.1
SV4450,Tran Thi S0,5.04
SV4451,Le Van S1,9.73
SV4452,Nguyen Van S2,8.06
SV4453,Tran Thi S3,9.42
SV4454,Le Van S4,4.04
SV4455,Nguyen Van S5,5.99
SV4456,Tran Thi S6,7.99
SV4457,Le Van S7,8.41
SV4458,Nguyen Van S8,7.09
SV4459,Tran Thi S9,9.25
SV4460,Le Van S0,8.75
SV4461,Nguyen Van S1,4.12
SV4462,Tran Thi S2,7.57
SV4463,Le Van S3,6.54
SV4464,Nguyen Van S4,6.32
SV4465,Tran Thi S5,9.87
SV4466,Le Van S6,8.26
SV4467,Nguyen Van S7,9.1
SV4468,Tran Thi S8,6.94
SV4469,Le Van S9,6.21
SV4470,Nguyen Van S0,7.53
SV4471,Tran Thi S1,6.62
SV4472,Le Van S2,5.02
SV4473,Nguyen Van S3,9.94
SV4474,Tran Thi S4,9.64
SV4475,Le Van S5,9.1
SV4476,Nguyen Van S6,4.53
SV4477,Tran Thi S7,5.4
SV4478,Le Van S8,5.08
SV4479,Nguyen Van S9,6.68
SV4480,Tran Thi S0,4.78
SV4481,Le Van S1,4.69
SV4482,Nguyen Van S2,8.49
SV4483,Tran Thi S3,6.38
SV4484,Le Van S4,5.25
SV4485,Nguyen Van S5,8.34
SV4486,Tran Thi S6,5.48
SV4487,Le Van S7,5.03
SV4488,Nguyen Van S8,9.55
SV4489,Tran Thi S9,9.33
SV4490,Le Van S0,6.89
SV4491,Nguyen Van S1,9.62
SV4492,Tran Thi S2,4.96
SV4493,Le Van S3,8.17
SV4494,Nguyen Van S4,8.22
SV4495,Tran Thi S5,7.41
SV4496,Le Van S6,4.9
SV4497,Nguyen Van S7,7.74
SV4498,Tran Thi S8,5.22
SV4499,Le Van S9,8.98
SV4500,Nguyen Van S0,7.67
SV4501,Tran Thi S1,5.62
SV4502,Le Van S2,9.05
SV4503,Nguyen Van S3,9.93
SV4504,Tran Thi S4,8.63
SV4505,Le Van S5,8.14
SV4506,Nguyen Van S6,5.95
SV4507,Tran Thi S7,5.43
SV4508,Le Van S8,5.84
SV4509,Nguyen Van S9,8.17
SV4510,Tran Thi S0,8.91
SV4511,Le Van S1,5.53
SV4512,Nguyen Van S2,9.8
SV4513,Tran Thi S3,6.89
SV4514,Le Van S4,5.79
SV4515,Nguyen Van S5,6.01
SV4516,Tran Thi S6,8.39
SV4517,Le Van S7,5.91
SV4518,Nguyen Van S8,7.04
SV4519,Tran Thi S9,8.03
SV4520,Le Van S0,5.36
SV4521,Nguyen Van S1,7.96
SV4522,Tran Thi S2,4.2
SV4523,Le Van S3,5.32
SV4524,Nguyen Van S4,4.09
SV4525,Tran Thi S5,7.65
SV4526,Le Van S6,7.69
SV4527,Nguyen Van S7,6.53
SV4528,Tran Thi S8,5
SV4529,Le Van S9,9.48
SV4530,Nguyen Van S0,6.09
SV4531,Tran Thi S1,7.11
SV4532,Le Van S2,9.91
SV4533,Nguyen Van S3,6.11
SV4534,Tran Thi S4,6.51
SV4535,Le Van S5,9.19
SV4536,Nguyen Van S6,7.09
SV4537,Tran Thi S7,5.59
SV4538,Le Van S8,4.05
SV4539,Nguyen Van S9,8.6
SV4540,Tran Thi S0,5.93
SV4541,Le Van S1,9.03
SV4542,Nguyen Van S2,7.11
SV4543,Tran Thi S3,6.02
SV4544,Le Van S4,7.58
SV4545,Nguyen Van S5,7.14
SV4546,Tran Thi S6,4.12
SV4547,Le Van S7,9.67
SV4548,Nguyen Van S8,4.17
SV4549,Tran Thi S9,4.22
SV4550,Le Van S0,7.14
SV4551,Nguyen Van S1,9.45
SV4552,Tran Thi S2,5.12
SV4553,Le Van S3,5.06
SV4554,Nguyen Van S4,4.97
SV4555,Tran Thi S5,4.92
SV4556,Le Van S6,8.33
SV4557,Nguyen Van S7,8.97
SV4558,Tran Thi S8,5.38
SV4559,Le Van S9,4.45
SV4560,Nguyen Van S0,7.72
SV4561,Tran Thi S1,7.91
SV4562,Le Van S2,8.18
SV4563,Nguyen Van S3,4.69
SV4564,Tran Thi S4,9.22
SV4565,Le Van S5,8.61
SV4566,Nguyen Van S6,6.42
SV4567,Tran Thi S7,7.3
SV4568,Le Van S8,5.38
SV4569,Nguyen Van S9,4.98
SV4570,Tran Thi S0,5.4
SV4571,Le Van S1,7.31
SV4572,Nguyen Van S2,7.18
SV4573,Tran Thi S3,4.03
SV4574,Le Van S4,8.66
SV4575,Nguyen Van S5,4.26
SV4576,Tran Thi S6,5.9
SV4577,Le Van S7,9.91
SV4578,Nguyen Van S8,4.43
SV4579,Tran Thi S9,4.09
SV4580,Le Van S0,9.22
SV4581,Nguyen Van S1,4.86
SV4582,Tran Thi S2,4.81
SV4583,Le Van S3,9.1
SV4584,Nguyen Van S4,4.55
SV4585,Tran Thi S5,8.17
SV4586,Le Van S6,6.61
SV4587,Nguyen Van S7,8.91
SV4588,Tran Thi S8,9.64
SV4589,Le Van S9,9.17
SV4590,Nguyen Van S0,9.49
SV4591,Tran Thi S1,4.04
SV4592,Le Van S2,8.42
SV4593,Nguyen Van S3,4.98
SV4594,Tran Thi S4,5.09
SV4595,Le Van S5,7.46
SV4596,Nguyen Van S6,8.04
SV4597,Tran Thi S7,4.22
SV4598,Le Van S8,6.6
SV4599,Nguyen Van S9,6
SV4600,Tran Thi S0,6.68
SV4601,Le Van S1,8.88
SV4602,Nguyen Van S2,6.81
SV4603,Tran Thi S3,9.38
SV4604,Le Van S4,4.78
SV4605,Nguyen Van S5,7.16
SV4606,Tran Thi S6,6.22
SV4607,Le Van S7,7.94
SV4608,Nguyen Van S8,4.27
SV4609,Tran Thi S9,7.73
SV4610,Le Van S0,5.51
SV4611,Nguyen Van S1,4.02
SV4612,Tran Thi S2,5.06
SV4613,Le Van S3,8.71
SV4614,Nguyen Van S4,5.68
SV4615,Tran Thi S5,8.59
SV4616,Le Van S6,9.43
SV4617,Nguyen Van S7,6.93
SV4618,Tran Thi S8,5.63
SV4619,Le Van S9,4.57
SV4620,Nguyen Van S0,4.65
SV4621,Tran Thi S1,5.05
SV4622,Le Van S2,6.01
SV4623,Nguyen Van S3,6.65
SV4624,Tran Thi S4,7.61
SV4625,Le Van S5,7.87
SV4626,Nguyen Van S6,4.91
SV4627,Tran Thi S7,7.92
SV4628,Le Van S8,6.52
SV4629,Nguyen Van S9,5.93
SV4630,Tran Thi S0,6.15
SV4631,Le Van S1,9.45
SV4632,Nguyen Van S2,8.79
SV4633,Tran Thi S3,9.9
SV4634,Le Van S4,9.36
SV4635,Nguyen Van S5,4.52
SV4636,Tran Thi S6,8.48
SV4637,Le Van S7,8.58
SV4638,Nguyen Van S8,8.46
SV4639,Tran Thi S9,7.87
SV4640,Le Van S0,4.31
SV4641,Nguyen Van S1,7.83
SV4642,Tran Thi S2,4.72
SV4643,Le Van S3,8.36
SV4644,Nguyen Van S4,6.26
SV4645,Tran Thi S5,8.89
SV4646,Le Van S6,4.37
SV4647,Nguyen Van S7,9.33
SV4648,Tran Thi S8,6.27
SV4649,Le Van S9,6.06
SV4650,Nguyen Van S0,7.59
SV4651,Tran Thi S1,4.12
SV4652,Le Van S2,8.08
SV4653,Nguyen Van S3,8.7
SV4654,Tran Thi S4,7.39
SV4655,Le Van S5,9.79
SV4656,Nguyen Van S6,4.74
SV4657,Tran Thi S7,5.64
SV4658,Le Van S8,7.93
SV4659,Nguyen Van S9,9.06
SV4660,Tran Thi S0,7.8
SV4661,Le Van S1,7.47
SV4662,Nguyen Van S2,8.57
SV4663,Tran Thi S3,4.29
SV4664,Le Van S4,5.77
SV4665,Nguyen Van S5,9.21
SV4666,Tran Thi S6,4.21
SV4667,Le Van S7,8.44
SV4668,Nguyen Van S8,6.9
SV4669,Tran Thi S9,9.26
SV4670,Le Van S0,5.51
SV4671,Nguyen Van S1,4.49
SV4672,Tran Thi S2,4.09
SV4673,Le Van S3,6.83
SV4674,Nguyen Van S4,8.28
SV4675,Tran Thi S5,4.18
SV4676,Le Van S6,6.31
SV4677,Nguyen Van S7,8.45
SV4678,Tran Thi S8,4.45
SV4679,Le Van S9,7.31
SV4680,Nguyen Van S0,7.89
SV4681,Tran Thi S1,7.57
SV4682,Le Van S2,5.92
SV4683,Nguyen Van S3,9.37
SV4684,Tran Thi S4,9.05
SV4685,Le Van S5,8.31
SV4686,Nguyen Van S6,9.09
SV4687,Tran Thi S7,5.23
SV4688,Le Van S8,8.33
SV4689,Nguyen Van S9,6.36
SV4690,Tran Thi S0,4.88
SV4691,Le Van S1,6.52
SV4692,Nguyen Van S2,4.79
SV4693,Tran Thi S3,7.45
SV4694,Le Van S4,4.45
SV4695,Nguyen Van S5,5.91
SV4696,Tran Thi S6,9.34
SV4697,Le Van S7,8.54
SV4698,Nguyen Van S8,9.48
SV4699,Tran Thi S9,6.34
SV4700,Le Van S0,9.31
SV4701,Nguyen Van S1,8.22
SV4702,Tran Thi S2,5.83
SV4703,Le Van S3,7.77
SV4704,Nguyen Van S4,5.38
SV4705,Tran Thi S5,6.18
SV4706,Le Van S6,9.24
SV4707,Nguyen Van S7,6.27
SV4708,Tran Thi S8,4.76
SV4709,Le Van S9,8.5
SV4710,Nguyen Van S0,6.36
SV4711,Tran Thi S1,4.14
SV4712,Le Van S2,5.26
SV4713,Nguyen Van S3,7.1
SV4714,Tran Thi S4,4.98
SV4715,Le Van S5,9.52
SV4716,Nguyen Van S6,6.4
SV4717,Tran Thi S7,4.04
SV4718,Le Van S8,8.56
SV4719,Nguyen Van S9,5.72
SV4720,Tran Thi S0,5.52
SV4721,Le Van S1,5.39
SV4722,Nguyen Van S2,9.52
SV4723,Tran Thi S3,9.16
SV4724,Le Van S4,6.37
SV4725,Nguyen Van S5,7.76
SV4726,Tran Thi S6,5.6
SV4727,Le Van S7,7.66
SV4728,Nguyen Van S8,6.74
SV4729,Tran Thi S9,6.49
SV4730,Le Van S0,4.96
SV4731,Nguyen Van S1,5.76
SV4732,Tran Thi S2,6.93
SV4733,Le Van S3,8.13
SV4734,Nguyen Van S4,6.89
SV4735,Tran Thi S5,6.37
SV4736,Le Van S6,4.39
SV4737,Nguyen Van S7,9.87
SV4738,Tran Thi S8,5.18
SV4739,Le Van S9,4.4
SV4740,Nguyen Van S0,6.55
SV4741,Tran Thi S1,6.44
SV4742,Le Van S2,5.09
SV4743,Nguyen Van S3,9.24
SV4744,Tran Thi S4,7.06
SV4745,Le Van S5,7.09
SV4746,Nguyen Van S6,4.41
SV4747,Tran Thi S7,4.55
SV4748,Le Van S8,9.93
SV4749,Nguyen Van S9,4.25
SV4750,Tran Thi S0,7.64
SV4751,Le Van S1,8.55
SV4752,Nguyen Van S2,6.75
SV4753,Tran Thi S3,8.03
SV4754,Le Van S4,6.7
SV4755,Nguyen Van S5,8.47
SV4756,Tran Thi S6,5.04
SV4757,Le Van S7,4.78
SV4758,Nguyen Van S8,7.28
SV4759,Tran Thi S9,7.98
SV4760,Le Van S0,4.37
SV4761,Nguyen Van S1,7.49
SV4762,Tran Thi S2,6.68
SV4763,Le Van S3,5.73
SV4764,Nguyen Van S4,6.33
SV4765,Tran Thi S5,9.11
SV4766,Le Van S6,7.23
SV4767,Nguyen Van S7,6.2
SV4768,Tran Thi S8,6.63
SV4769,Le Van S9,8.72
SV4770,Nguyen Van S0,7.68
SV4771,Tran Thi S1,8.84
SV4772,Le Van S2,5.25
SV4773,Nguyen Van S3,7.65
SV4774,Tran Thi S4,8.86
SV4775,Le Van S5,4.57
SV4776,Nguyen Van S6,9.48
SV4777,Tran Thi S7,6.94
SV4778,Le Van S8,7.84
SV4779,Nguyen Van S9,4.36
SV4780,Tran Thi S0,8.21
SV4781,Le Van S1,6.01
SV4782,Nguyen Van S2,7.93
SV4783,Tran Thi S3,4.26
SV4784,Le Van S4,8.48
SV4785,Nguyen Van S5,8.86
SV4786,Tran Thi S6,5.53
SV4787,Le Van S7,8.3
SV4788,Nguyen Van S8,8.06
SV4789,Tran Thi S9,9.96
SV4790,Le Van S0,7.8
SV4791,Nguyen Van S1,4.3
SV4792,Tran Thi S2,7.78
SV4793,Le Van S3,8.22
SV4794,Nguyen Van S4,8.17
SV4795,Tran Thi S5,6.04
SV4796,Le Van S6,9.67
SV4797,Nguyen Van S7,6.31
SV4798,Tran Thi S8,8.64
SV4799,Le Van S9,4.38
SV4800,Nguyen Van S0,7.99
SV4801,Tran Thi S1,8.11
SV4802,Le Van S2,5.58
SV4803,Nguyen Van S3,5.08
SV4804,Tran Thi S4,9.32
SV4805,Le Van S5,6.99
SV4806,Nguyen Van S6,9.05
SV4807,Tran Thi S7,7.09
SV4808,Le Van S8,4.78
SV4809,Nguyen Van S9,6
SV4810,Tran Thi S0,7.88
SV4811,Le Van S1,5.31
SV4812,Nguyen Van S2,7.92
SV4813,Tran Thi S3,9.88
SV4814,Le Van S4,7.51
SV4815,Nguyen Van S5,7.8
SV4816,Tran Thi S6,6.17
SV4817,Le Van S7,6.03
SV4818,Nguyen Van S8,9.16
SV4819,Tran Thi S9,8.99
SV4820,Le Van S0,7.61
SV4821,Nguyen Van S1,4.44
SV4822,Tran Thi S2,4.56
SV4823,Le Van S3,7.03
SV4824,Nguyen Van S4,9.87
SV4825,Tran Thi S5,8.42
SV4826,Le Van S6,8.29
SV4827,Nguyen Van S7,4.77
SV4828,Tran Thi S8,4.99
SV4829,Le Van S9,4.18
SV4830,Nguyen Van S0,8.87
SV4831,Tran Thi S1,5.77
SV4832,Le Van S2,8.03
SV4833,Nguyen Van S3,9.53
SV4834,Tran Thi S4,7.73
SV4835,Le Van S5,6.63
SV4836,Nguyen Van S6,8.73
SV4837,Tran Thi S7,5.48
SV4838,Le Van S8,8.72
SV4839,Nguyen Van S9,9.56
SV4840,Tran Thi S0,5.11
SV4841,Le Van S1,6.86
SV4842,Nguyen Van S2,8.94
SV4843,Tran Thi S3,8.01
SV4844,Le Van S4,4.27
SV4845,Nguyen Van S5,4.18
SV4846,Tran Thi S6,6.66
SV4847,Le Van S7,8.67
SV4848,Nguyen Van S8,5.29
SV4849,Tran Thi S9,4.29
SV4850,Le Van S0,8.32
SV4851,Nguyen Van S1,4.52
SV4852,Tran Thi S2,6.79
SV4853,Le Van S3,5.74
SV4854,Nguyen Van S4,9.61
SV4855,Tran Thi S5,8.16
SV4856,Le Van S6,6.72
SV4857,Nguyen Van S7,4.46
SV4858,Tran Thi S8,4.21
SV4859,Le Van S9,9.94
SV4860,Nguyen Van S0,5.93
SV4861,Tran Thi S1,9.12
SV4862,Le Van S2,6.31
SV4863,Nguyen Van S3,7.73
SV4864,Tran Thi S4,5.58
SV4865,Le Van S5,4.99
SV4866,Nguyen Van S6,8.66
SV4867,Tran Thi S7,5.63
SV4868,Le Van S8,5.44
SV4869,Nguyen Van S9,4.15
SV4870,Tran Thi S0,4.87
SV4871,Le Van S1,6.12
SV4872,Nguyen Van S2,7.43
SV4873,Tran Thi S3,6.99
SV4874,Le Van S4,5.81
SV4875,Nguyen Van S5,5.47
SV4876,Tran Thi S6,6.59
SV4877,Le Van S7,6.41
SV4878,Nguyen Van S8,9.9
SV4879,Tran Thi S9,8.74
SV4880,Le Van S0,6.97
SV4881,Nguyen Van S1,7.43
SV4882,Tran Thi S2,9.27
SV4883,Le Van S3,7.96
SV4884,Nguyen Van S4,5.19
SV4885,Tran Thi S5,4.04
SV4886,Le Van S6,9.63
SV4887,Nguyen Van S7,7.66
SV4888,Tran Thi S8,7.33
SV4889,Le Van S9,4.31
SV4890,Nguyen Van S0,4.23
SV4891,Tran Thi S1,6.35
SV4892,Le Van S2,5.04
SV4893,Nguyen Van S3,6.46
SV4894,Tran Thi S4,6.41
SV4895,Le Van S5,5.79
SV4896,Nguyen Van S6,7.06
SV4897,Tran Thi S7,9.41
SV4898,Le Van S8,9.5
SV4899,Nguyen Van S9,9.71
SV4900,Tran Thi S0,8.8
SV4901,Le Van S1,8.51
SV4902,Nguyen Van S2,9.13
SV4903,Tran Thi S3,6.75
SV4904,Le Van S4,6.55
SV4905,Nguyen Van S5,4.95
SV4906,Tran Thi S6,6.34
SV4907,Le Van S7,7.14
SV4908,Nguyen Van S8,8.54
SV4909,Tran Thi S9,8.19
SV4910,Le Van S0,8.49
SV4911,Nguyen Van S1,9.54
SV4912,Tran Thi S2,7.31
SV4913,Le Van S3,5.79
SV4914,Nguyen Van S4,8.8
SV4915,Tran Thi S5,4.94
SV4916,Le Van S6,9.01
SV4917,Nguyen Van S7,9.78
SV4918,Tran Thi S8,9.11
SV4919,Le Van S9,5.32
SV4920,Nguyen Van S0,6.91
SV4921,Tran Thi S1,5.51
SV4922,Le Van S2,9.41
SV4923,Nguyen Van S3,7.35
SV4924,Tran Thi S4,4.69
SV4925,Le Van S5,8.51
SV4926,Nguyen Van S6,6.94
SV4927,Tran Thi S7,6.91
SV4928,Le Van S8,5.98
SV4929,Nguyen Van S9,6.14
SV4930,Tran Thi S0,7.43
SV4931,Le Van S1,4.89
SV4932,Nguyen Van S2,8.87
SV4933,Tran Thi S3,5.06
SV4934,Le Van S4,4.28
SV4935,Nguyen Van S5,8.61
SV4936,Tran Thi S6,8.34
SV4937,Le Van S7,8.2
SV4938,Nguyen Van S8,5
SV4939,Tran Thi S9,6.98
SV4940,Le Van S0,9.82
SV4941,Nguyen Van S1,7.59
SV4942,Tran Thi S2,6.66
SV4943,Le Van S3,9.13
SV4944,Nguyen Van S4,6.12
SV4945,Tran Thi S5,8.96
SV4946,Le Van S6,6.46
SV4947,Nguyen Van S7,9.26
SV4948,Tran Thi S8,8.31
SV4949,Le Van S9,4.86
SV4950,Nguyen Van S0,8.88
SV4951,Tran Thi S1,9.27
SV4952,Le Van S2,4.29
SV4953,Nguyen Van S3,7.49
SV4954,Tran Thi S4,9.78
SV4955,Le Van S5,4.55
SV4956,Nguyen Van S6,5.22
SV4957,Tran Thi S7,8.09
SV4958,Le Van S8,7.89
SV4959,Nguyen Van S9,7.08
SV4960,Tran Thi S0,9.38
SV4961,Le Van S1,7.43
SV4962,Nguyen Van S2,7.68
SV4963,Tran Thi S3,4.17
SV4964,Le Van S4,7.04
SV4965,Nguyen Van S5,6.45
SV4966,Tran Thi S6,9.21
SV4967,Le Van S7,4.86
SV4968,Nguyen Van S8,5.2
SV4969,Tran Thi S9,9.23
SV4970,Le Van S0,8.51
SV4971,Nguyen Van S1,7.35
SV4972,Tran Thi S2,9.18
SV4973,Le Van S3,7.18
SV4974,Nguyen Van S4,6.17
SV4975,Tran Thi S5,4.7
SV4976,Le Van S6,8.95
SV4977,Nguyen Van S7,6.69
SV4978,Tran Thi S8,4.91
SV4979,Le Van S9,4.38
SV4980,Nguyen Van S0,6.69
SV4981,Tran Thi S1,6.63
SV4982,Le Van S2,7.39
SV4983,Nguyen Van S3,5.04
SV4984,Tran Thi S4,4.42
SV4985,Le Van S5,9.06
SV4986,Nguyen Van S6,7.95
SV4987,Tran Thi S7,8.02
SV4988,Le Van S8,9.43
SV4989,Nguyen Van S9,8.4
SV4990,Tran Thi S0,9.25
SV4991,Le Van S1,4.25
SV4992,Nguyen Van S2,9.37
SV4993,Tran Thi S3,4.31
SV4994,Le Van S4,8.55
SV4995,Nguyen Van S5,9.09
SV4996,Tran Thi S6,9.14
SV4997,Le Van S7,7.42
SV4998,Nguyen Van S8,4.63
SV4999,Tran Thi S9,8.49
SV5000,Le Van S0,6.3
SV5001,Nguyen Van S1,8.05
SV5002,Tran Thi S2,6.32
SV5003,Le Van S3,5.9
SV5004,Nguyen Van S4,4.14
SV5005,Tran Thi S5,8.57
SV5006,Le Van S6,8.41
SV5007,Nguyen Van S7,8.01
SV5008,Tran Thi S8,6.84
SV5009,Le Van S9,8.19
SV5010,Nguyen Van S0,7.46
SV5011,Tran Thi S1,8.55
SV5012,Le Van S2,4.56
SV5013,Nguyen Van S3,4.62
SV5014,Tran Thi S4,8.79
SV5015,Le Van S5,8.49
SV5016,Nguyen Van S6,6.86
SV5017,Tran Thi S7,9.68
SV5018,Le Van S8,4.5
SV5019,Nguyen Van S9,4.63
SV5020,Tran Thi S0,4.16
SV5021,Le Van S1,5.5
SV5022,Nguyen Van S2,4.34
SV5023,Tran Thi S3,8.29
SV5024,Le Van S4,9.08
SV5025,Nguyen Van S5,5.45
SV5026,Tran Thi S6,9.79
SV5027,Le Van S7,6.45
SV5028,Nguyen Van S8,7.78
SV5029,Tran Thi S9,6.58
SV5030,Le Van S0,8.09
SV5031,Nguyen Van S1,4.06
SV5032,Tran Thi S2,5.07
SV5033,Le Van S3,5.08
SV5034,Nguyen Van S4,8.49
SV5035,Tran Thi S5,6.18
SV5036,Le Van S6,8.45
SV5037,Nguyen Van S7,7.79
SV5038,Tran Thi S8,6.01
SV5039,Le Van S9,5.82
SV5040,Nguyen Van S0,5.06
SV5041,Tran Thi S1,5.54
SV5042,Le Van S2,4.09
SV5043,Nguyen Van S3,4.7
SV5044,Tran Thi S4,4
SV5045,Le Van S5,9.14
SV5046,Nguyen Van S6,8.29
SV5047,Tran Thi S7,4.89
SV5048,Le Van S8,7.77
SV5049,Nguyen Van S9,4.65
SV5050,Tran Thi S0,9.03
SV5051,Le Van S1,8.3
SV5052,Nguyen Van S2,9.49
SV5053,Tran Thi S3,4.67
SV5054,Le Van S4,9.89
SV5055,Nguyen Van S5,6.83
SV5056,Tran Thi S6,4.07
SV5057,Le Van S7,5.08
SV5058,Nguyen Van S8,6.38
SV5059,Tran Thi S9,7.31
SV5060,Le Van S0,7.5
SV5061,Nguyen Van S1,8.41
SV5062,Tran Thi S2,8.44
SV5063,Le Van S3,7.19
SV5064,Nguyen Van S4,9.28
SV5065,Tran Thi S5,8.1
SV5066,Le Van S6,6.67
SV5067,Nguyen Van S7,7.7
SV5068,Tran Thi S8,4.59
SV5069,Le Van S9,5.62
SV5070,Nguyen Van S0,7.76
SV5071,Tran Thi S1,9.25
SV5072,Le Van S2,4.67
SV5073,Nguyen Van S3,8.07
SV5074,Tran Thi S4,4.35
SV5075,Le Van S5,9.14
SV5076,Nguyen Van S6,5.21
SV5077,Tran Thi S7,9.06
SV5078,Le Van S8,7.84
SV5079,Nguyen Van S9,4.33
SV5080,Tran Thi S0,6.44
SV5081,Le Van S1,8.1
SV5082,Nguyen Van S2,8.2
SV5083,Tran Thi S3,8.6
SV5084,Le Van S4,9.2
SV5085,Nguyen Van S5,5.42
SV5086,Tran Thi S6,8.68
SV5087,Le Van S7,6.52
SV5088,Nguyen Van S8,8.49
SV5089,Tran Thi S9,8.91
SV5090,Le Van S0,7.57
SV5091,Nguyen Van S1,7.97
SV5092,Tran Thi S2,7.6
SV5093,Le Van S3,7.14
SV5094,Nguyen Van S4,9.98
SV5095,Tran Thi S5,6.52
SV5096,Le Van S6,5.58
SV5097,Nguyen Van S7,9.82
SV5098,Tran Thi S8,7.77
SV5099,Le Van S9,9.4
SV5100,Nguyen Van S0,4.33
SV5101,Tran Thi S1,9.56
SV5102,Le Van S2,9.78
SV5103,Nguyen Van S3,6.9
SV5104,Tran Thi S4,7.82
SV5105,Le Van S5,6.06
SV5106,Nguyen Van S6,8.77
SV5107,Tran Thi S7,6.68
SV5108,Le Van S8,4.63
SV5109,Nguyen Van S9,6.75
SV5110,Tran Thi S0,6.19
SV5111,Le Van S1,6.25
SV5112,Nguyen Van S2,4.36
SV5113,Tran Thi S3,7.59
SV5114,Le Van S4,6.81
SV5115,Nguyen Van S5,6.57
SV5116,Tran Thi S6,8.4
SV5117,Le Van S7,4.45
SV5118,Nguyen Van S8,6.63
SV5119,Tran Thi S9,9.2
SV5120,Le Van S0,6.53
SV5121,Nguyen Van S1,6.08
SV5122,Tran Thi S2,8.1
SV5123,Le Van S3,5.77
SV5124,Nguyen Van S4,7.35
SV5125,Tran Thi S5,7.17
SV5126,Le Van S6,7.49
SV5127,Nguyen Van S7,5.02
SV5128,Tran Thi S8,4.91
SV5129,Le Van S9,7.49
SV5130,Nguyen Van S0,4.08
SV5131,Tran Thi S1,4.32
SV5132,Le Van S2,6.23
SV5133,Nguyen Van S3,5.12
SV5134,Tran Thi S4,7.11
SV5135,Le Van S5,8.58
SV5136,Nguyen Van S6,7.62
SV5137,Tran Thi S7,8.07
SV5138,Le Van S8,5.62
SV5139,Nguyen Van S9,4.08
SV5140,Tran Thi S0,4.14
SV5141,Le Van S1,5.5
SV5142,Nguyen Van S2,6.88
SV5143,Tran Thi S3,5.58
SV5144,Le Van S4,9.65
SV5145,Nguyen Van S5,4.8
SV5146,Tran Thi S6,8.66
SV5147,Le Van S7,6.72
SV5148,Nguyen Van S8,5.62
SV5149,Tran Thi S9,7.99
SV5150,Le Van S0,7.22
SV5151,Nguyen Van S1,4.94
SV5152,Tran Thi S2,5.37
SV5153,Le Van S3,6.38
SV5154,Nguyen Van S4,8.55
SV5155,Tran Thi S5,7.48
SV5156,Le Van S6,7.29
SV5157,Nguyen Van S7,9.8
SV5158,Tran Thi S8,7.3
SV5159,Le Van S9,4.22
SV5160,Nguyen Van S0,8.29
SV5161,Tran Thi S1,5.47
SV5162,Le Van S2,5.88
SV5163,Nguyen Van S3,8.08
SV5164,Tran Thi S4,5.94
SV5165,Le Van S5,4.94
SV5166,Nguyen Van S6,5.41
SV5167,Tran Thi S7,8.42
SV5168,Le Van S8,5.56
SV5169,Nguyen Van S9,7.57
SV5170,Tran Thi S0,6.05
SV5171,Le Van S1,8.22
SV5172,Nguyen Van S2,4.62
SV5173,Tran Thi S3,5.78
SV5174,Le Van S4,8.68
SV5175,Nguyen Van S5,5.61
SV5176,Tran Thi S6,7.91
SV5177,Le Van S7,6.3
SV5178,Nguyen Van S8,7.54
SV5179,Tran Thi S9,7.25
SV5180,Le Van S0,7.15
SV5181,Nguyen Van S1,5.93
SV5182,Tran Thi S2,6.61
SV5183,Le Van S3,9.29
SV5184,Nguyen Van S4,9.61
SV5185,Tran Thi S5,8.68
SV5186,Le Van S6,8.8
SV5187,Nguyen Van S7,6.38
SV5188,Tran Thi S8,8.88
SV5189,Le Van S9,5.5
SV5190,Nguyen Van S0,8.74
SV5191,Tran Thi S1,7.01
SV5192,Le Van S2,5.49
SV5193,Nguyen Van S3,5.49
SV5194,Tran Thi S4,9.3
SV5195,Le Van S5,8.28
SV5196,Nguyen Van S6,6.84
SV5197,Tran Thi S7,7.47
SV5198,Le Van S8,4.02
SV5199,Nguyen Van S9,8.43
SV5200,Tran Thi S0,7.56
SV5201,Le Van S1,8.51
SV5202,Nguyen Van S2,9.38
SV5203,Tran Thi S3,8.44
SV5204,Le Van S4,8.39
SV5205,Nguyen Van S5,5.6
SV5206,Tran Thi S6,6.6
SV5207,Le Van S7,9.66
SV5208,Nguyen Van S8,6.1
SV5209,Tran Thi S9,7.25
SV5210,Le Van S0,8.32
SV5211,Nguyen Van S1,9.51
SV5212,Tran Thi S2,4.88
SV5213,Le Van S3,6.53
SV5214,Nguyen Van S4,5
SV5215,Tran Thi S5,8.22
SV5216,Le Van S6,9.21
SV5217,Nguyen Van S7,9.73
SV5218,Tran Thi S8,5.18
SV5219,Le Van S9,6.88
SV5220,Nguyen Van S0,7.24
SV5221,Tran Thi S1,4.62
SV5222,Le Van S2,8.25
SV5223,Nguyen Van S3,9.76
SV5224,Tran Thi S4,8.02
SV5225,Le Van S5,7.02
SV5226,Nguyen Van S6,8.63
SV5227,Tran Thi S7,6.84
SV5228,Le Van S8,6.02
SV5229,Nguyen Van S9,9.64
SV5230,Tran Thi S0,4.02
SV5231,Le Van S1,5
SV5232,Nguyen Van S2,8.33
SV5233,Tran Thi S3,7.39
SV5234,Le Van S4,6.5
SV5235,Nguyen Van S5,5.48
SV5236,Tran Thi S6,4.93
SV5237,Le Van S7,6.69
SV5238,Nguyen Van S8,6.83
SV5239,Tran Thi S9,6.59
SV5240,Le Van S0,5.21
SV5241,Nguyen Van S1,5.84
SV5242,Tran Thi S2,8.74
SV5243,Le Van S3,6.09
SV5244,Nguyen Van S4,4.03
SV5245,Tran Thi S5,7.72
SV5246,Le Van S6,6.08
SV5247,Nguyen Van S7,4.87
SV5248,Tran Thi S8,5.12
SV5249,Le Van S9,6.84
SV5250,Nguyen Van S0,4.14
SV5251,Tran Thi S1,6.3
SV5252,Le Van S2,6.5
SV5253,Nguyen Van S3,4.46
SV5254,Tran Thi S4,9.09
SV5255,Le Van S5,5.22
SV5256,Nguyen Van S6,5.69
SV5257,Tran Thi S7,7.37
SV5258,Le Van S8,5.39
SV5259,Nguyen Van S9,7.37
SV5260,Tran Thi S0,4.82
SV5261,Le Van S1,8.28
SV5262,Nguyen Van S2,9.67
SV5263,Tran Thi S3,8.39
SV5264,Le Van S4,9.93
SV5265,Nguyen Van S5,8.59
SV5266,Tran Thi S6,6.05
SV5267,Le Van S7,5.64
SV5268,Nguyen Van S8,6.14
SV5269,Tran Thi S9,8.21
SV5270,Le Van S0,4.34
SV5271,Nguyen Van S1,7.84
SV5272,Tran Thi S2,6.15
SV5273,Le Van S3,9.35
SV5274,Nguyen Van S4,5.7
SV5275,Tran Thi S5,6.47
SV5276,Le Van S6,9.66
SV5277,Nguyen Van S7,7.28
SV5278,Tran Thi S8,7.27
SV5279,Le Van S9,7.67
SV5280,Nguyen Van S0,8.79
SV5281,Tran Thi S1,7.68
SV5282,Le Van S2,6.07
SV5283,Nguyen Van S3,9.09
SV5284,Tran Thi S4,4.26
SV5285,Le Van S5,6.23
SV5286,Nguyen Van S6,6.42
SV5287,Tran Thi S7,4.19
SV5288,Le Van S8,4.95
SV5289,Nguyen Van S9,6.77
SV5290,Tran Thi S0,4.18
SV5291,Le Van S1,7.26
SV5292,Nguyen Van S2,8.63
SV5293,Tran Thi S3,9.62
SV5294,Le Van S4,5.21
SV5295,Nguyen Van S5,5.78
SV5296,Tran Thi S6,9.86
SV5297,Le Van S7,8.64
SV5298,Nguyen Van S8,6.56
SV5299,Tran Thi S9,6.78
SV5300,Le Van S0,5.52
SV5301,Nguyen Van S1,5.7
SV5302,Tran Thi S2,8.47
SV5303,Le Van S3,8.45
SV5304,Nguyen Van S4,4.06
SV5305,Tran Thi S5,7.45
SV5306,Le Van S6,8.75
SV5307,Nguyen Van S7,8.18
SV5308,Tran Thi S8,8.04
SV5309,Le Van S9,8.8
SV5310,Nguyen Van S0,7.25
SV5311,Tran Thi S1,9.67
SV5312,Le Van S2,4.1
SV5313,Nguyen Van S3,4.52
SV5314,Tran Thi S4,8.44
SV5315,Le Van S5,6.1
SV5316,Nguyen Van S6,9.44
SV5317,Tran Thi S7,5.04
SV5318,Le Van S8,7.84
SV5319,Nguyen Van S9,7.54
SV5320,Tran Thi S0,5.22
SV5321,Le Van S1,4.1
SV5322,Nguyen Van S2,4.09
SV5323,Tran Thi S3,6.19
SV5324,Le Van S4,7.37
SV5325,Nguyen Van S5,7.91
SV5326,Tran Thi S6,9.17
SV5327,Le Van S7,5.75
SV5328,Nguyen Van S8,8.17
SV5329,Tran Thi S9,9.68
SV5330,Le Van S0,6.72
SV5331,Nguyen Van S1,7.39
SV5332,Tran Thi S2,9.32
SV5333,Le Van S3,6.78
SV5334,Nguyen Van S4,7.68
SV5335,Tran Thi S5,4.94
SV5336,Le Van S6,5.09
SV5337,Nguyen Van S7,6.01
SV5338,Tran Thi S8,7.35
SV5339,Le Van S9,6.22
SV5340,Nguyen Van S0,5.11
SV5341,Tran Thi S1,8.49
SV5342,Le Van S2,8.46
SV5343,Nguyen Van S3,8.82
SV5344,Tran Thi S4,6.4
SV5345,Le Van S5,8.71
SV5346,Nguyen Van S6,6.59
SV5347,Tran Thi S7,8.19
SV5348,Le Van S8,5.49
SV5349,Nguyen Van S9,9.21
SV5350,Tran Thi S0,6.51
SV5351,Le Van S1,5.04
SV5352,Nguyen Van S2,6.04
SV5353,Tran Thi S3,8.99
SV5354,Le Van S4,5.26
SV5355,Nguyen Van S5,4.83
SV5356,Tran Thi S6,9.47
SV5357,Le Van S7,7.18
SV5358,Nguyen Van S8,7.47
SV5359,Tran Thi S9,4.82
SV5360,Le Van S0,6.06
SV5361,Nguyen Van S1,5.34
SV5362,Tran Thi S2,7.64
SV5363,Le Van S3,4.25
SV5364,Nguyen Van S4,6.59
SV5365,Tran Thi S5,4.21
SV5366,Le Van S6,4.95
SV5367,Nguyen Van S7,6.42
SV5368,Tran Thi S8,4.21
SV5369,Le Van S9,9
SV5370,Nguyen Van S0,5
SV5371,Tran Thi S1,7.3
SV5372,Le Van S2,4.51
SV5373,Nguyen Van S3,6.45
SV5374,Tran Thi S4,9.41
SV5375,Le Van S5,8.59
SV5376,Nguyen Van S6,8.25
SV5377,Tran Thi S7,6.51
SV5378,Le Van S8,8.53
SV5379,Nguyen Van S9,7.97
SV5380,Tran Thi S0,9.67
SV5381,Le Van S1,5.23
SV5382,Nguyen Van S2,6.93
SV5383,Tran Thi S3,9.41
SV5384,Le Van S4,5.76
SV5385,Nguyen Van S5,7.8
SV5386,Tran Thi S6,9.51
SV5387,Le Van S7,7.14
SV5388,Nguyen Van S8,8.08
SV5389,Tran Thi S9,5.7
SV5390,Le Van S0,5.42
SV5391,Nguyen Van S1,4.71
SV5392,Tran Thi S2,4.55
SV5393,Le Van S3,7.13
SV5394,Nguyen Van S4,7.62
SV5395,Tran Thi S5,7.19
SV5396,Le Van S6,5.49
SV5397,Nguyen Van S7,8.96
SV5398,Tran Thi S8,9.28
SV5399,Le Van S9,6.36
SV5400,Nguyen Van S0,4.55
SV5401,Tran Thi S1,6.59
SV5402,Le Van S2,7.02
SV5403,Nguyen Van S3,7.55
SV5404,Tran Thi S4,5.92
SV5405,Le Van S5,6.7
SV5406,Nguyen Van S6,8.68
SV5407,Tran Thi S7,9.92
SV5408,Le Van S8,4.06
SV5409,Nguyen Van S9,4.55
SV5410,Tran Thi S0,6.6
SV5411,Le Van S1,4.95
SV5412,Nguyen Van S2,7.8
SV5413,Tran Thi S3,6.69
SV5414,Le Van S4,5.32
SV5415,Nguyen Van S5,9.94
SV5416,Tran Thi S6,5.1
SV5417,Le Van S7,6.06
SV5418,Nguyen Van S8,7.97
SV5419,Tran Thi S9,8.73
SV5420,Le Van S0,4.68
SV5421,Nguyen Van S1,5.87
SV5422,Tran Thi S2,6.59
SV5423,Le Van S3,9.4
SV5424,Nguyen Van S4,7.79
SV5425,Tran Thi S5,9.47
SV5426,Le Van S6,5.2
SV5427,Nguyen Van S7,4.27
SV5428,Tran Thi S8,5.44
SV5429,Le Van S9,7.2
SV5430,Nguyen Van S0,5.45
SV5431,Tran Thi S1,5.67
SV5432,Le Van S2,7.26
SV5433,Nguyen Van S3,5.99
SV5434,Tran Thi S4,8.31
SV5435,Le Van S5,9.22
SV5436,Nguyen Van S6,7.11
SV5437,Tran Thi S7,10
SV5438,Le Van S8,4.93
SV5439,Nguyen Van S9,5.36
SV5440,Tran Thi S0,8.81
SV5441,Le Van S1,5.44
SV5442,Nguyen Van S2,8.34
SV5443,Tran Thi S3,9.02
SV5444,Le Van S4,9.51
SV5445,Nguyen Van S5,7.69
SV5446,Tran Thi S6,8.16
SV5447,Le Van S7,6.94
SV5448,Nguyen Van S8,7.17
SV5449,Tran Thi S9,8.69
SV5450,Le Van S0,4.69
SV5451,Nguyen Van S1,8.58
SV5452,Tran Thi S2,4.89
SV5453,Le Van S3,5.09
SV5454,Nguyen Van S4,8.42
SV5455,Tran Thi S5,4.15
SV5456,Le Van S6,7.64
SV5457,Nguyen Van S7,7.94
SV5458,Tran Thi S8,6.85
SV5459,Le Van S9,7.69
SV5460,Nguyen Van S0,5.28
SV5461,Tran Thi S1,9.19
SV5462,Le Van S2,9.46
SV5463,Nguyen Van S3,4.83
SV5464,Tran Thi S4,6.04
SV5465,Le Van S5,9.69
SV5466,Nguyen Van S6,7.52
SV5467,Tran Thi S7,9.43
SV5468,Le Van S8,5.19
SV5469,Nguyen Van S9,7.62
SV5470,Tran Thi S0,5.97
SV5471,Le Van S1,4.86
SV5472,Nguyen Van S2,9.02
SV5473,Tran Thi S3,8.21
SV5474,Le Van S4,4.34
SV5475,Nguyen Van S5,8.46
SV5476,Tran Thi S6,9.39
SV5477,Le Van S7,9.21
SV5478,Nguyen Van S8,4.92
SV5479,Tran Thi S9,5.6
SV5480,Le Van S0,8.83
SV5481,Nguyen Van S1,4.47
SV5482,Tran Thi S2,6.33
SV5483,Le Van S3,7.54
SV5484,Nguyen Van S4,8.02
SV5485,Tran Thi S5,6.24
SV5486,Le Van S6,6.59
SV5487,Nguyen Van S7,7.47
SV5488,Tran Thi S8,7.68
SV5489,Le Van S9,5.01
SV5490,Nguyen Van S0,4.52
SV5491,Tran Thi S1,5.8
SV5492,Le Van S2,8.04
SV5493,Nguyen Van S3,5.4
SV5494,Tran Thi S4,9.97
SV5495,Le Van S5,9.95
SV5496,Nguyen Van S6,8.97
SV5497,Tran Thi S7,6.5
SV5498,Le Van S8,5.84
SV5499,Nguyen Van S9,4.36
SV5500,Tran Thi S0,9.1
SV5501,Le Van S1,4.55
SV5502,Nguyen Van S2,9.03
SV5503,Tran Thi S3,6.92
SV5504,Le Van S4,4.93
SV5505,Nguyen Van S5,9.31
SV5506,Tran Thi S6,6.54
SV5507,Le Van S7,8.62
SV5508,Nguyen Van S8,5.51
SV5509,Tran Thi S9,8.71
SV5510,Le Van S0,9.35
SV5511,Nguyen Van S1,6.61
SV5512,Tran Thi S2,7.31
SV5513,Le Van S3,9.9
SV5514,Nguyen Van S4,9.2
SV5515,Tran Thi S5,6.47
SV5516,Le Van S6,8.17
SV5517,Nguyen Van S7,8.65
SV5518,Tran Thi S8,4.12
SV5519,Le Van S9,9.15
SV5520,Nguyen Van S0,6.41
SV5521,Tran Thi S1,6.03
SV5522,Le Van S2,6.37
SV5523,Nguyen Van S3,8.66
SV5524,Tran Thi S4,6.42
SV5525,Le Van S5,5.73
SV5526,Nguyen Van S6,7.67
SV5527,Tran Thi S7,5.66
SV5528,Le Van S8,4.17
SV5529,Nguyen Van S9,9.45
SV5530,Tran Thi S0,5.87
SV5531,Le Van S1,4.74
SV5532,Nguyen Van S2,9.94
SV5533,Tran Thi S3,7.48
SV5534,Le Van S4,7.91
SV5535,Nguyen Van S5,8.56
SV5536,Tran Thi S6,7.39
SV5537,Le Van S7,9.79
SV5538,Nguyen Van S8,7.69
SV5539,Tran Thi S9,7.85
SV5540,Le Van S0,5.12
SV5541,Nguyen Van S1,6.84
SV5542,Tran Thi S2,8.06
SV5543,Le Van S3,8.84
SV5544,Nguyen Van S4,7.35
SV5545,Tran Thi S5,6.24
SV5546,Le Van S6,9.71
SV5547,Nguyen Van S7,5.79
SV5548,Tran Thi S8,8.92
SV5549,Le Van S9,6.89
SV5550,Nguyen Van S0,6.44
SV5551,Tran Thi S1,4.13
SV5552,Le Van S2,7.13
SV5553,Nguyen Van S3,4.43
SV5554,Tran Thi S4,9.11
SV5555,Le Van S5,9.3
SV5556,Nguyen Van S6,9.8
SV5557,Tran Thi S7,5.51
SV5558,Le Van S8,5.32
SV5559,Nguyen Van S9,6.55
SV5560,Tran Thi S0,6.56
SV5561,Le Van S1,6.05
SV5562,Nguyen Van S2,7.27
SV5563,Tran Thi S3,6.3
SV5564,Le Van S4,7.66
SV5565,Nguyen Van S5,8.14
SV5566,Tran Thi S6,7.15
SV5567,Le Van S7,4.05
SV5568,Nguyen Van S8,9.88
SV5569,Tran Thi S9,4.97
SV5570,Le Van S0,6.07
SV5571,Nguyen Van S1,4.51
SV5572,Tran Thi S2,5.87
SV5573,Le Van S3,5.2
SV5574,Nguyen Van S4,8.28
SV5575,Tran Thi S5,9.67
SV5576,Le Van S6,9.56
SV5577,Nguyen Van S7,9.57
SV5578,Tran Thi S8,4.33
SV5579,Le Van S9,5.8
SV5580,Nguyen Van S0,8.42
SV5581,Tran Thi S1,8.49
SV5582,Le Van S2,6.28
SV5583,Nguyen Van S3,6
SV5584,Tran Thi S4,6.54
SV5585,Le Van S5,4.58
SV5586,Nguyen Van S6,8.62
SV5587,Tran Thi S7,5.33
SV5588,Le Van S8,4.83
SV5589,Nguyen Van S9,6.3
SV5590,Tran Thi S0,5.66
SV5591,Le Van S1,6.95
SV5592,Nguyen Van S2,4.71
SV5593,Tran Thi S3,8.86
SV5594,Le Van S4,7.2
SV5595,Nguyen Van S5,9.49
SV5596,Tran Thi S6,7.78
SV5597,Le Van S7,9.86
SV5598,Nguyen Van S8,4.61
SV5599,Tran Thi S9,6.6
SV5600,Le Van S0,8.76
SV5601,Nguyen Van S1,4.33
SV5602,Tran Thi S2,8.68
SV5603,Le Van S3,6.03
SV5604,Nguyen Van S4,6.72
SV5605,Tran Thi S5,9.57
SV5606,Le Van S6,6.06
SV5607,Nguyen Van S7,8.65
SV5608,Tran Thi S8,6.9
SV5609,Le Van S9,9.09
SV5610,Nguyen Van S0,4.67
SV5611,Tran Thi S1,7.89
SV5612,Le Van S2,6.29
SV5613,Nguyen Van S3,7.96
SV5614,Tran Thi S4,6.19
SV5615,Le Van S5,9.46
SV5616,Nguyen Van S6,8.43
SV5617,Tran Thi S7,4.32
SV5618,Le Van S8,5.19
SV5619,Nguyen Van S9,9.8
SV5620,Tran Thi S0,5.53
SV5621,Le Van S1,7.13
SV5622,Nguyen Van S2,6.38
SV5623,Tran Thi S3,4.44
SV5624,Le Van S4,9.73
SV5625,Nguyen Van S5,4.31
SV5626,Tran Thi S6,8.63
SV5627,Le Van S7,9.5
SV5628,Nguyen Van S8,4.75
SV5629,Tran Thi S9,6.49
SV5630,Le Van S0,8.68
SV5631,Nguyen Van S1,6.57
SV5632,Tran Thi S2,7
SV5633,Le Van S3,7.37
SV5634,Nguyen Van S4,6.45
SV5635,Tran Thi S5,9.09
SV5636,Le Van S6,4.93
SV5637,Nguyen Van S7,5.23
SV5638,Tran Thi S8,8.74
SV5639,Le Van S9,4.8
SV5640,Nguyen Van S0,9.52
SV5641,Tran Thi S1,5.3
SV5642,Le Van S2,5.04
SV5643,Nguyen Van S3,7.89
SV5644,Tran Thi S4,4.26
SV5645,Le Van S5,7.12
SV5646,Nguyen Van S6,9.55
SV5647,Tran Thi S7,4.54
SV5648,Le Van S8,6.69
SV5649,Nguyen Van S9,6.9
SV5650,Tran Thi S0,7.33
SV5651,Le Van S1,5.79
SV5652,Nguyen Van S2,4.19
SV5653,Tran Thi S3,6.66
SV5654,Le Van S4,4.83
SV5655,Nguyen Van S5,7.87
SV5656,Tran Thi S6,8.21
SV5657,Le Van S7,5.32
SV5658,Nguyen Van S8,7.86
SV5659,Tran Thi S9,7.09
SV5660,Le Van S0,6.34
SV5661,Nguyen Van S1,5.99
SV5662,Tran Thi S2,4.06
SV5663,Le Van S3,4.64
SV5664,Nguyen Van S4,5.22
SV5665,Tran Thi S5,4.97
SV5666,Le Van S6,6.13
SV5667,Nguyen Van S7,4.17
SV5668,Tran Thi S8,5.46
SV5669,Le Van S9,4.1
SV5670,Nguyen Van S0,7.63
SV5671,Tran Thi S1,6.52
SV5672,Le Van S2,9.58
SV5673,Nguyen Van S3,6.5
SV5674,Tran Thi S4,9.92
SV5675,Le Van S5,9.04
SV5676,Nguyen Van S6,8.94
SV5677,Tran Thi S7,5.62
SV5678,Le Van S8,5.05
SV5679,Nguyen Van S9,6.49
SV5680,Tran Thi S0,9.97
SV5681,Le Van S1,7.78
SV5682,Nguyen Van S2,8.27
SV5683,Tran Thi S3,5.38
SV5684,Le Van S4,9.57
SV5685,Nguyen Van S5,9.8
SV5686,Tran Thi S6,7.06
SV5687,Le Van S7,9.78
SV5688,Nguyen Van S8,7.39
SV5689,Tran Thi S9,9.52
SV5690,Le Van S0,5.59
SV5691,Nguyen Van S1,7.35
SV5692,Tran Thi S2,7.84
SV5693,Le Van S3,7.74
SV5694,Nguyen Van S4,7.47
SV5695,Tran Thi S5,6.68
SV5696,Le Van S6,5.59
SV5697,Nguyen Van S7,5.53
SV5698,Tran Thi S8,5.39
SV5699,Le Van S9,8.62
SV5700,Nguyen Van S0,9.34
SV5701,Tran Thi S1,9.76
SV5702,Le Van S2,8.78
SV5703,Nguyen Van S3,4.15
SV5704,Tran Thi S4,4.45
SV5705,Le Van S5,4.08
SV5706,Nguyen Van S6,8.19
SV5707,Tran Thi S7,8.73
SV5708,Le Van S8,6.2
SV5709,Nguyen Van S9,5.59
SV5710,Tran Thi S0,8.12
SV5711,Le Van S1,4.05
SV5712,Nguyen Van S2,7.4
SV5713,Tran Thi S3,9.75
SV5714,Le Van S4,8.84
SV5715,Nguyen Van S5,4.11
SV5716,Tran Thi S6,7.88
SV5717,Le Van S7,7.22
SV5718,Nguyen Van S8,9.56
SV5719,Tran Thi S9,5.69
SV5720,Le Van S0,7.76
SV5721,Nguyen Van S1,8.24
SV5722,Tran Thi S2,7.15
SV5723,Le Van S3,4.19
SV5724,Nguyen Van S4,8.96
SV5725,Tran Thi S5,7.73
SV5726,Le Van S6,7.63
SV5727,Nguyen Van S7,4.78
SV5728,Tran Thi S8,6.11
SV5729,Le Van S9,6.22
SV5730,Nguyen Van S0,6.26
SV5731,Tran Thi S1,9.1
SV5732,Le Van S2,8.65
SV5733,Nguyen Van S3,4.3
SV5734,Tran Thi S4,6
SV5735,Le Van S5,8.19
SV5736,Nguyen Van S6,9.44
SV5737,Tran Thi S7,8.34
SV5738,Le Van S8,9.85
SV5739,Nguyen Van S9,7.23
SV5740,Tran Thi S0,7.75
SV5741,Le Van S1,6.73
SV5742,Nguyen Van S2,8.11
SV5743,Tran Thi S3,9.05
SV5744,Le Van S4,9.96
SV5745,Nguyen Van S5,5.87
SV5746,Tran Thi S6,8.17
SV5747,Le Van S7,4.65
SV5748,Nguyen Van S8,8.29
SV5749,Tran Thi S9,8.59
SV5750,Le Van S0,5.73
SV5751,Nguyen Van S1,4.57
SV5752,Tran Thi S2,4.84
SV5753,Le Van S3,8.07
SV5754,Nguyen Van S4,4.61
SV5755,Tran Thi S5,7.22
SV5756,Le Van S6,5.09
SV5757,Nguyen Van S7,5.3
SV5758,Tran Thi S8,8.79
SV5759,Le Van S9,4.58
SV5760,Nguyen Van S0,8.73
SV5761,Tran Thi S1,5.54
SV5762,Le Van S2,4.33
SV5763,Nguyen Van S3,5.55
SV5764,Tran Thi S4,7.14
SV5765,Le Van S5,7.88
SV5766,Nguyen Van S6,4.13
SV5767,Tran Thi S7,6.7
SV5768,Le Van S8,4.63
SV5769,Nguyen Van S9,6.74
SV5770,Tran Thi S0,7.67
SV5771,Le Van S1,6.73
SV5772,Nguyen Van S2,5.15
SV5773,Tran Thi S3,7.21
SV5774,Le Van S4,5.57
SV5775,Nguyen Van S5,6.54
SV5776,Tran Thi S6,9.21
SV5777,Le Van S7,4.33
SV5778,Nguyen Van S8,6.97
SV5779,Tran Thi S9,8.69
SV5780,Le Van S0,9.22
SV5781,Nguyen Van S1,6.36
SV5782,Tran Thi S2,4.87
SV5783,Le Van S3,6.65
SV5784,Nguyen Van S4,8.56
SV5785,Tran Thi S5,4.08
SV5786,Le Van S6,9.11
SV5787,Nguyen Van S7,9.97
SV5788,Tran Thi S8,8.44
SV5789,Le Van S9,7.82
SV5790,Nguyen Van S0,5.79
SV5791,Tran Thi S1,5.34
SV5792,Le Van S2,7.51
SV5793,Nguyen Van S3,4.27
SV5794,Tran Thi S4,5.27
SV5795,Le Van S5,7.23
SV5796,Nguyen Van S6,5.09
SV5797,Tran Thi S7,9.73
SV5798,Le Van S8,7.68
SV5799,Nguyen Van S9,4.19
SV5800,Tran Thi S0,8.74
SV5801,Le Van S1,8.55
SV5802,Nguyen Van S2,7.04
SV5803,Tran Thi S3,4.45
SV5804,Le Van S4,7.14
SV5805,Nguyen Van S5,8.44
SV5806,Tran Thi S6,5.49
SV5807,Le Van S7,6.39
SV5808,Nguyen Van S8,8.23
SV5809,Tran Thi S9,7.9
SV5810,Le Van S0,8.15
SV5811,Nguyen Van S1,9.75
SV5812,Tran Thi S2,6.86
SV5813,Le Van S3,7.31
SV5814,Nguyen Van S4,5.76
SV5815,Tran Thi S5,4.22
SV5816,Le Van S6,8.85
SV5817,Nguyen Van S7,4.41
SV5818,Nguyen Van S8,5.58
SV5819,Tran Thi S9,7.09
SV5820,Le Van S0,7.41
SV5821,Nguyen Van S1,8.66
SV5822,Tran Thi S2,9.97
SV5823,Le Van S3,4.15
SV5824,Nguyen Van S4,9.49
SV5825,Tran Thi S5,4.93
SV5826,Le Van S6,5.11
SV5827,Nguyen Van S7,7.37
SV5828,Tran Thi S8,7.75
SV5829,Le Van S9,5.77
SV5830,Nguyen Van S0,5.48
SV5831,Tran Thi S1,9.11
SV5832,Le Van S2,8.39
SV5833,Nguyen Van S3,7.56
SV5834,Tran Thi S4,8.53
SV5835,Le Van S5,7.2
SV5836,Nguyen Van S6,6.41
SV5837,Tran Thi S7,5.1
SV5838,Le Van S8,7.98
SV5839,Nguyen Van S9,6.57
SV5840,Tran Thi S0,4.03
SV5841,Le Van S1,4.88
SV5842,Nguyen Van S2,5.31
SV5843,Tran Thi S3,7.22
SV5844,Le Van S4,7.11
SV5845,Nguyen Van S5,5.56
SV5846,Tran Thi S6,5.24
SV5847,Le Van S7,5.33
SV5848,Nguyen Van S8,8.64
SV5849,Tran Thi S9,5
SV5850,Le Van S0,4.4
SV5851,Nguyen Van S1,8.05
SV5852,Tran Thi S2,8.93
SV5853,Le Van S3,8.63
SV5854,Nguyen Van S4,5.35
SV5855,Tran Thi S5,7.36
SV5856,Le Van S6,6.3
SV5857,Nguyen Van S7,5.55
SV5858,Tran Thi S8,8.86
SV5859,Le Van S9,4.61
SV5860,Nguyen Van S0,8.2
SV5861,Tran Thi S1,6.96
SV5862,Le Van S2,9.18
SV5863,Nguyen Van S3,7.25
SV5864,Tran Thi S4,7.59
SV5865,Le Van S5,8.96
SV5866,Nguyen Van S6,9.5
SV5867,Tran Thi S7,5.25
SV5868,Le Van S8,5.83
SV5869,Nguyen Van S9,9.3
SV5870,Tran Thi S0,8.92
SV5871,Le Van S1,7.62
SV5872,Nguyen Van S2,9.38
SV5873,Tran Thi S3,6.1
SV5874,Le Van S4,9.81
SV5875,Nguyen Van S5,5.71
SV5876,Tran Thi S6,9.91
SV5877,Le Van S7,7.86
SV5878,Nguyen Van S8,6.04
SV5879,Tran Thi S9,7.38
SV5880,Le Van S0,9.76
SV5881,Nguyen Van S1,4.66
SV5882,Tran Thi S2,4.85
SV5883,Le Van S3,9.59
SV5884,Nguyen Van S4,8.89
SV5885,Tran Thi S5,7.65
SV5886,Le Van S6,4.18
SV5887,Nguyen Van S7,9.06
SV5888,Tran Thi S8,6.58
SV5889,Le Van S9,8.9
SV5890,Nguyen Van S0,4.14
SV5891,Tran Thi S1,5.01
SV5892,Le Van S2,7.4
SV5893,Nguyen Van S3,5.47
SV5894,Tran Thi S4,6.96
SV5895,Le Van S5,8.62
SV5896,Nguyen Van S6,5.91
SV5897,Tran Thi S7,7.68
SV5898,Le Van S8,8.45
SV5899,Nguyen Van S9,4.09
SV5900,Tran Thi S0,9.86
SV5901,Le Van S1,9.01
SV5902,Nguyen Van S2,7.01
SV5903,Tran Thi S3,9.42
SV5904,Le Van S4,4.15
SV5905,Nguyen Van S5,7.32
SV5906,Tran Thi S6,5.6
SV5907,Le Van S7,4.82
SV5908,Nguyen Van S8,9.68
SV5909,Tran Thi S9,7.01
SV5910,Le Van S0,7.05
SV5911,Nguyen Van S1,9.97
SV5912,Tran Thi S2,4.21
SV5913,Le Van S3,5.82
SV5914,Nguyen Van S4,8.65
SV5915,Tran Thi S5,4.15
SV5916,Le Van S6,9.01
SV5917,Nguyen Van S7,6.52
SV5918,Tran Thi S8,6.83
SV5919,Le Van S9,9.83
SV5920,Nguyen Van S0,7.54
SV5921,Tran Thi S1,7.04
SV5922,Le Van S2,9.62
SV5923,Nguyen Van S3,9.82
SV5924,Tran Thi S4,6.91
SV5925,Le Van S5,4.33
SV5926,Nguyen Van S6,7.92
SV5927,Tran Thi S7,5.34
SV5928,Le Van S8,7.31
SV5929,Nguyen Van S9,5.5
SV5930,Tran Thi S0,8.5
SV5931,Le Van S1,9.31
SV5932,Nguyen Van S2,8.99
SV5933,Tran Thi S3,4.1
SV5934,Le Van S4,9.8
SV5935,Nguyen Van S5,4.21
SV5936,Tran Thi S6,9.02
SV5937,Le Van S7,8.94
SV5938,Nguyen Van S8,6.07
SV5939,Tran Thi S9,6.47
SV5940,Le Van S0,6.74
SV5941,Nguyen Van S1,6.7
SV5942,Tran Thi S2,9.95
SV5943,Le Van S3,6.53
SV5944,Nguyen Van S4,5
SV5945,Tran Thi S5,7.21
SV5946,Le Van S6,7.62
SV5947,Nguyen Van S7,9.24
SV5948,Tran Thi S8,9.68
SV5949,Le Van S9,5.72
SV5950,Nguyen Van S0,9.63
SV5951,Tran Thi S1,7.72
SV5952,Le Van S2,5.72
SV5953,Nguyen Van S3,6.19
SV5954,Tran Thi S4,9.9
SV5955,Le Van S5,9.2
SV5956,Nguyen Van S6,9.19
SV5957,Tran Thi S7,5.88
SV5958,Le Van S8,4.88
SV5959,Nguyen Van S9,5.53
SV5960,Tran Thi S0,9.82
SV5961,Le Van S1,9.16
SV5962,Nguyen Van S2,8.3
SV5963,Tran Thi S3,4.36
SV5964,Le Van S4,4.62
SV5965,Nguyen Van S5,8.06
SV5966,Tran Thi S6,6.64
SV5967,Le Van S7,8.73
SV5968,Nguyen Van S8,5.07
SV5969,Tran Thi S9,4.51
SV5970,Le Van S0,8.72
SV5971,Nguyen Van S1,5.82
SV5972,Tran Thi S2,4.01
SV5973,Le Van S3,8.24
SV5974,Nguyen Van S4,9.7
SV5975,Tran Thi S5,6.49
SV5976,Le Van S6,8.73
SV5977,Nguyen Van S7,4.93
SV5978,Tran Thi S8,5.66
SV5979,Le Van S9,8.6
SV5980,Nguyen Van S0,6.43
SV5981,Tran Thi S1,7.27
SV5982,Le Van S2,9.51
SV5983,Nguyen Van S3,4.6
SV5984,Tran Thi S4,9.6
SV5985,Le Van S5,5.33
SV5986,Nguyen Van S6,5.58
SV5987,Tran Thi S7,5.38
SV5988,Le Van S8,8.13
SV5989,Nguyen Van S9,9.66
SV5990,Tran Thi S0,8.94
SV5991,Le Van S1,4.44
SV5992,Nguyen Van S2,8.57
SV5993,Tran Thi S3,9.92
SV5994,Le Van S4,4.54
SV5995,Nguyen Van S5,5.53
SV5996,Tran Thi S6,7.99
SV5997,Le Van S7,8.34
SV5998,Nguyen Van S8,8.06
SV5999,Tran Thi S9,4.2
SV6000,Le Van S0,9.48
SV6001,Nguyen Van S1,9.83
SV6002,Tran Thi S2,5.52
SV6003,Le Van S3,6.37
SV6004,Nguyen Van S4,9.92
SV6005,Tran Thi S5,5.69
SV6006,Le Van S6,9.81
SV6007,Nguyen Van S7,9.32
SV6008,Tran Thi S8,4.74
SV6009,Le Van S9,8.25
SV6010,Nguyen Van S0,6.4
SV6011,Tran Thi S1,6.02
SV6012,Le Van S2,5.82
SV6013,Nguyen Van S3,4.81
SV6014,Tran Thi S4,6.25
SV6015,Le Van S5,9
SV6016,Nguyen Van S6,6.29
SV6017,Tran Thi S7,6.59
SV6018,Le Van S8,4.93
SV6019,Nguyen Van S9,6.24
SV6020,Tran Thi S0,9.48
SV6021,Le Van S1,9.57
SV6022,Nguyen Van S2,5.32
SV6023,Tran Thi S3,5
SV6024,Le Van S4,6.02
SV6025,Nguyen Van S5,4.5
SV6026,Tran Thi S6,7.51
SV6027,Le Van S7,4.89
SV6028,Nguyen Van S8,8.08
SV6029,Tran Thi S9,8.54
SV6030,Le Van S0,7.88
SV6031,Nguyen Van S1,9.39
SV6032,Tran Thi S2,8.09
SV6033,Le Van S3,4.78
SV6034,Nguyen Van S4,4.01
SV6035,Tran Thi S5,4.15
SV6036,Le Van S6,6.66
SV6037,Nguyen Van S7,9.63
SV6038,Tran Thi S8,8.95
SV6039,Le Van S9,4.73
SV6040,Nguyen Van S0,9.47
SV6041,Tran Thi S1,8.67
SV6042,Le Van S2,6.07
SV6043,Nguyen Van S3,7.74
SV6044,Tran Thi S4,9.96
SV6045,Le Van S5,8.77
SV6046,Nguyen Van S6,9.85
SV6047,Tran Thi S7,5.92
SV6048,Le Van S8,4.22
SV6049,Nguyen Van S9,8.67
SV6050,Tran Thi S0,7.52
SV6051,Le Van S1,8.95
SV6052,Nguyen Van S2,9.46
SV6053,Tran Thi S3,7.13
SV6054,Le Van S4,6.33
SV6055,Nguyen Van S5,6.97
SV6056,Tran Thi S6,7.02
SV6057,Le Van S7,5.92
SV6058,Nguyen Van S8,5.96
SV6059,Tran Thi S9,5.38
SV6060,Le Van S0,9.69
SV6061,Nguyen Van S1,7.61
SV6062,Tran Thi S2,5.5
SV6063,Le Van S3,7.78
SV6064,Nguyen Van S4,5.45
SV6065,Tran Thi S5,5.77
SV6066,Le Van S6,6.82
SV6067,Nguyen Van S7,4.27
SV6068,Tran Thi S8,9
SV6069,Le Van S9,4.01
SV6070,Nguyen Van S0,8.04
SV6071,Tran Thi S1,8.96
SV6072,Le Van S2,6.2
SV6073,Nguyen Van S3,8.56
SV6074,Tran Thi S4,8.44
SV6075,Le Van S5,9.12
SV6076,Nguyen Van S6,9.95
SV6077,Tran Thi S7,7.98
SV6078,Le Van S8,8.77
SV6079,Nguyen Van S9,6.34
SV6080,Tran Thi S0,5.04
SV6081,Le Van S1,9.57
SV6082,Nguyen Van S2,8.88
SV6083,Tran Thi S3,4.23
SV6084,Le Van S4,8.74
SV6085,Nguyen Van S5,5.92
SV6086,Tran Thi S6,9.68
SV6087,Le Van S7,7.85
SV6088,Nguyen Van S8,5.34
SV6089,Tran Thi S9,9.74
SV6090,Le Van S0,7.68
SV6091,Nguyen Van S1,5.5
SV6092,Tran Thi S2,6.1
SV6093,Le Van S3,8.36
SV6094,Nguyen Van S4,5.51
SV6095,Tran Thi S5,4.88
SV6096,Le Van S6,5.29
SV6097,Nguyen Van S7,9.34
SV6098,Tran Thi S8,5.02
SV6099,Le Van S9,6.15
SV6100,Nguyen Van S0,7.39
SV6101,Tran Thi S1,7.92
SV6102,Le Van S2,4.23
SV6103,Nguyen Van S3,6.72
SV6104,Tran Thi S4,8.25
SV6105,Le Van S5,9.79
SV6106,Nguyen Van S6,9.86
SV6107,Tran Thi S7,6.71
SV6108,Le Van S8,7.58
SV6109,Nguyen Van S9,5.9
SV6110,Tran Thi S0,7.23
SV6111,Le Van S1,6.31
SV6112,Nguyen Van S2,8.25
SV6113,Tran Thi S3,5.69
SV6114,Le Van S4,4.04
SV6115,Nguyen Van S5,8.87
SV6116,Tran Thi S6,6.64
SV6117,Le Van S7,8.02
SV6118,Nguyen Van S8,7.57
SV6119,Tran Thi S9,6.41
SV6120,Le Van S0,8.88
SV6121,Nguyen Van S1,9.4
SV6122,Tran Thi S2,7.59
SV6123,Le Van S3,8.56
SV6124,Nguyen Van S4,9.12
SV6125,Tran Thi S5,9.33
SV6126,Le Van S6,6.55
SV6127,Nguyen Van S7,8
SV6128,Tran Thi S8,8.07
SV6129,Le Van S9,8.08
SV6130,Nguyen Van S0,5.56
SV6131,Tran Thi S1,6.02
SV6132,Le Van S2,6.14
SV6133,Nguyen Van S3,5.42
SV6134,Tran Thi S4,8.99
SV6135,Le Van S5,5.75
SV6136,Nguyen Van S6,9.42
SV6137,Tran Thi S7,8.58
SV6138,Le Van S8,9.54
SV6139,Nguyen Van S9,6.74
SV6140,Tran Thi S0,8.61
SV6141,Le Van S1,6.77
SV6142,Nguyen Van S2,9.62
SV6143,Tran Thi S3,8.16
SV6144,Le Van S4,5.6
SV6145,Nguyen Van S5,4.9
SV6146,Tran Thi S6,7.95
SV6147,Le Van S7,4.77
SV6148,Nguyen Van S8,5.58
SV6149,Tran Thi S9,6.2
SV6150,Le Van S0,5.89
SV6151,Nguyen Van S1,7.21
SV6152,Tran Thi S2,6.52
SV6153,Le Van S3,6.93
SV6154,Nguyen Van S4,8.68
SV6155,Tran Thi S5,8.5
SV6156,Le Van S6,5.87
SV6157,Nguyen Van S7,8.99
SV6158,Tran Thi S8,7.51
SV6159,Le Van S9,7.92
SV6160,Nguyen Van S0,6.56
SV6161,Tran Thi S1,6.32
SV6162,Le Van S2,5.8
SV6163,Nguyen Van S3,8.28
SV6164,Tran Thi S4,7.41
SV6165,Le Van S5,7.99
SV6166,Nguyen Van S6,6.34
SV6167,Tran Thi S7,8.46
SV6168,Le Van S8,4.76
SV6169,Nguyen Van S9,7.35
SV6170,Tran Thi S0,8.49
SV6171,Le Van S1,7.89
SV6172,Nguyen Van S2,8.98
SV6173,Tran Thi S3,5.29
SV6174,Le Van S4,4.93
SV6175,Nguyen Van S5,6.25
SV6176,Tran Thi S6,9.89
SV6177,Le Van S7,8.02
SV6178,Nguyen Van S8,7.8
SV6179,Tran Thi S9,9.82
SV6180,Le Van S0,4.09
SV6181,Nguyen Van S1,6.08
SV6182,Tran Thi S2,5.64
SV6183,Le Van S3,7.85
SV6184,Nguyen Van S4,6.35
SV6185,Tran Thi S5,4.72
SV6186,Le Van S6,9.87
SV6187,Nguyen Van S7,9.5
SV6188,Tran Thi S8,4.98
SV6189,Le Van S9,6.3
SV6190,Nguyen Van S0,6.98
SV6191,Tran Thi S1,7.88
SV6192,Le Van S2,8.4
SV6193,Nguyen Van S3,6.23
SV6194,Tran Thi S4,5.03
SV6195,Le Van S5,5.13
SV6196,Nguyen Van S6,7.16
SV6197,Tran Thi S7,5.17
SV6198,Le Van S8,5.07
SV6199,Nguyen Van S9,4.67
SV6200,Tran Thi S0,6.16
SV6201,Le Van S1,6.73
SV6202,Nguyen Van S2,9.46
SV6203,Tran Thi S3,8.55
SV6204,Le Van S4,4.72
SV6205,Nguyen Van S5,8.31
SV6206,Tran Thi S6,8.53
SV6207,Le Van S7,6.62
SV6208,Nguyen Van S8,7.82
SV6209,Tran Thi S9,5.76
SV6210,Le Van S0,5.56
SV6211,Nguyen Van S1,7.54
SV6212,Tran Thi S2,6.36
SV6213,Le Van S3,7.8
SV6214,Nguyen Van S4,6.55
SV6215,Tran Thi S5,6.16
SV6216,Le Van S6,7.78
SV6217,Nguyen Van S7,7.15
SV6218,Tran Thi S8,4.34
SV6219,Le Van S9,7.09
SV6220,Nguyen Van S0,6.43
SV6221,Tran Thi S1,7.48
SV6222,Le Van S2,9.19
SV6223,Nguyen Van S3,8.68
SV6224,Tran Thi S4,8.87
SV6225,Le Van S5,6
SV6226,Nguyen Van S6,4.89
SV6227,Tran Thi S7,5.44
SV6228,Le Van S8,4.57
SV6229,Nguyen Van S9,6.14
SV6230,Tran Thi S0,7.17
SV6231,Le Van S1,8.81
SV6232,Nguyen Van S2,6.45
SV6233,Tran Thi S3,6.03
SV6234,Le Van S4,7.13
SV6235,Nguyen Van S5,9.3
SV6236,Tran Thi S6,9.22
SV6237,Le Van S7,8.89
